size,pronoun,squared,target_verb,PD-PD_slope,PD-PD_intercept,DO-PD_slope,DO-PD_intercept,PD-PD_R2,PD-PD_RMSE,DO-PD_R2,DO-PD_RMSE
small,True,True,BRING,-0.16458412456568125,0.49743684952662004,-0.0807557946962656,0.23661979799444757,0.17318099440816248,0.079338348482312,0.4365622940128503,0.02024014598511579
small,True,True,DRAW,0.18202828650575836,0.5562586319883709,-0.21535081759101368,0.3518400865420727,0.13747913505135467,0.10065297473223044,0.42001407632919874,0.055865623895612955
small,True,True,FIND,0.23257531153892058,0.5024869472361948,-0.14770186682210298,0.2666859905932646,0.18424132348665734,0.10809113040962397,0.3627155962533486,0.043242284853010265
small,True,True,GET,0.1949174998279737,0.22956248409742924,-0.012440329207757473,0.10203410571925273,0.14369059778607385,0.10410454525409757,0.09626424446445891,0.008339457145177705
small,True,True,GIVE,-0.09878846858062607,0.14953726884227123,-0.0011285484926220792,0.03078488301969693,0.20485783224398024,0.041280697386137544,0.001032416335444819,0.007445830666593591
small,True,True,KEEP,0.04844514001487001,0.7466448220063266,-0.1537944689730806,0.5502729228510459,0.041209530931724414,0.04857635084043244,0.31015263777331614,0.047680536557753395
small,True,True,LEAVE,0.14872600911120826,0.30517603032352675,-0.043512791896143606,0.11655250423382987,0.08672517810615421,0.10594397538493197,0.23385582693231943,0.017288579127891328
small,True,True,MAKE,0.11176005299704937,0.5544630013716378,-0.18749155993954636,0.3674082420605109,0.08783196454755926,0.07919099305743782,0.3959205488554334,0.050921688515979883
small,True,True,PURCHASE,0.04986208569681291,0.8084430437460928,-0.11180889676314557,0.5917933667668371,0.037935108346840773,0.053987738184943276,0.21002942390791168,0.046621358356454444
small,True,True,SAVE,0.08312555237772182,0.7113493675490387,-0.21117048635838603,0.42272295381061376,0.045410833640158854,0.08168896058170137,0.45769863243047204,0.04926790270804489
small,True,True,SELL,-0.26098078418053927,0.4185694343677971,-0.03356940217998671,0.12367620665782922,0.25172273538448964,0.09718767633120035,0.14197226572489152,0.01782481892235278
small,True,True,SEND,-0.1891576541152225,0.3258695420621368,-0.012628805237077611,0.0782934402995305,0.2066457485472898,0.08088999143820433,0.049778346290471065,0.012042177530247939
small,True,True,SHOW,-0.11240036385320763,0.12268490325134143,-0.0027282096160255,0.01624387061600892,0.30566109911959294,0.035908589647196794,0.020977176301250844,0.003950623081958233
small,True,True,SUPPLY,-0.30905234911896035,0.6625682226471856,-0.039379761048135835,0.24882759531010906,0.3141791136025578,0.10083833600396837,0.06320059604498574,0.03348210201188923
small,True,True,DESIGN,0.05106605358149926,0.886484579570158,-0.1604446168442214,0.7837553923936347,0.07220393878320175,0.03644762019545019,0.4791477474855096,0.03330724879057353
small,True,True,TAKE,-0.1486480564692291,0.8560813817333854,-0.26571423538886785,0.5579061772369375,0.35017033705285683,0.03986778493788193,0.36321587356593643,0.06926778639965457
small,True,True,FEED,-0.22160927693340055,0.2805248860684332,0.002344943720303986,0.026785198315125807,0.22773615035037686,0.08674502387055842,0.007260733096927652,0.005828402780710797
small,True,True,BUY,0.16332614729269926,0.42749613915284135,-0.08993400483622774,0.17528616551693899,0.13197290750696744,0.09245825677861817,0.336738288165665,0.02786030603633509
small,True,True,CATCH,0.14002523070415318,0.5740791464332358,-0.202063196521227,0.37044658774869194,0.0823371793569474,0.10277943165614478,0.4974649493780722,0.04465247069655534
small,True,True,DELIVER,0.21927094850902942,0.32447559827950645,-0.033141074844428256,0.1380703470016525,0.13528098591342763,0.12193329323502529,0.12239003056252606,0.019519398287225223
small,True,True,THROW,-0.1669407449906132,0.47608524943362945,-0.04444466758361629,0.2176993359871074,0.18160412904756273,0.07824533582222906,0.24247259189560155,0.017344619079388206
small,True,True,PROMISE,-0.0872085955163901,0.0944306104241448,0.00558827049139183,0.012263831713773156,0.2862478503839424,0.029378792032668938,0.09586143896139943,0.0036613815472219063
small,True,False,BRING,-0.12172815841616327,0.4499148054910986,-0.05010352238466629,0.2236286957166456,0.12674119517754256,0.07049263463085316,0.3421863973332764,0.015325985706298374
small,True,False,DRAW,0.15981746476289693,0.5253701570392071,-0.18615527430039241,0.3272081720942152,0.13250337695547088,0.09027468558738516,0.4017236668553439,0.05015149369704206
small,True,False,FIND,0.21356294335425577,0.47410671632708473,-0.13504515608353415,0.2587892642444071,0.18397159893560333,0.09934414175353946,0.35423406190134743,0.04027268055820755
small,True,False,GET,0.17016866007687664,0.22850497194464806,-0.0104806766771366,0.10829906256121556,0.14537877019047052,0.0902679544638507,0.08132401177136928,0.007706883384490717
small,True,False,GIVE,-0.0742916884415286,0.11482915944103951,-0.0030786789336350387,0.02902442162039465,0.23148352341349254,0.028711206604590502,0.01959386890195758,0.004619042693517064
small,True,False,KEEP,0.041387664525051195,0.705930178640656,-0.14156754058518478,0.5455714745193866,0.041085263776814096,0.04156516696332545,0.3407390340503781,0.040934838105540904
small,True,False,LEAVE,0.12098853915746541,0.2644446773106453,-0.03797351824873948,0.10863542690104719,0.09899541699518077,0.08012377210246811,0.31632895690918383,0.012254515721528761
small,True,False,MAKE,0.09599005608886127,0.5119689487674569,-0.1559040375909469,0.35262055344021925,0.09787509505439806,0.06407690800797164,0.3907501891775691,0.04280391858729876
small,True,False,PURCHASE,0.05743964287668037,0.7693617464830904,-0.08741145074773116,0.5837192062152555,0.058852836555084,0.049385558964351366,0.19823961551374258,0.037795367731301086
small,True,False,SAVE,0.07605421905476663,0.7034642343226083,-0.22427465238396763,0.4597790678253088,0.04838417114741267,0.07229409069360397,0.5049527973016155,0.04759687271514126
small,True,False,SELL,-0.20175465878949553,0.34409057949164396,-0.018267783344790144,0.10578408777187157,0.25719526224889033,0.07405630434621684,0.1070531097806483,0.011395454100075496
small,True,False,SEND,-0.14945651882821978,0.2730469522411001,-0.002496158356168232,0.07175678947687845,0.20517810342584875,0.06419996614577028,0.003571702311475744,0.00909930166272162
small,True,False,SHOW,-0.07680604382275213,0.0905401102190936,-0.00452815638049394,0.016774488214310955,0.31585113242399765,0.023960421305644016,0.16615097888544106,0.0021501989412769226
small,True,False,SUPPLY,-0.28348801476211893,0.5619716883026522,-0.029789815046070953,0.20709698648106095,0.3372423346170067,0.08776431381936875,0.07756782167718723,0.022686690920038863
small,True,False,DESIGN,0.04984513804223891,0.8590192678150261,-0.1325120717335577,0.762338528840508,0.07692625269913356,0.034379121666693595,0.5295925540013631,0.024866385671580806
small,True,False,TAKE,-0.14407355036714345,0.8204319728212818,-0.22465635792459218,0.5448556634351902,0.34185736674572365,0.03935723518465561,0.31794769981331017,0.06478172257174383
small,True,False,FEED,-0.16570507997506445,0.22243444076503543,0.0064548205387479594,0.027387028630664657,0.2210603704109516,0.066118355723076,0.09564293368481347,0.004219077129256444
small,True,False,BUY,0.1547912228420111,0.37388928757318807,-0.06198665875648065,0.15970398922738727,0.15262573787253053,0.08050740213439307,0.2684499708531839,0.02258677877957361
small,True,False,CATCH,0.11937188484719001,0.5497369766443795,-0.17723194166696296,0.38245060604522857,0.08403359211922223,0.08665062502965695,0.4862738499784548,0.04005195444303167
small,True,False,DELIVER,0.16986564045691388,0.289312999553273,-0.01740211969177427,0.12815372413981105,0.13320444963844713,0.09530739408467198,0.06147942232699155,0.014954821918262008
small,True,False,THROW,-0.12498335332269153,0.4166460828498738,-0.02944156683975749,0.20288294118652378,0.15714597445724743,0.06390781676429885,0.27739217682501494,0.010491616323907226
small,True,False,PROMISE,-0.06316499184590743,0.0776136314632117,0.002759661608598593,0.014425296712286012,0.27673504184961095,0.02178537920105392,0.04494355761394442,0.0027139926840032
small,False,True,BRING,-0.043813325618682245,0.9252974201571876,-0.21669717489556134,0.7839219375070561,0.09819532507325546,0.025246539658289862,0.4913275861968043,0.041924855536787396
small,False,True,DRAW,0.06226410674362961,0.8527983452631492,-0.30582765702598086,0.8448368494562064,0.053761263569979345,0.04956825498255535,0.48795631386058036,0.05944838142384453
small,False,True,FIND,0.03640170586587923,0.9001324146145918,-0.3173580674182865,0.9049721390005935,0.03511331936734652,0.03621945748674415,0.5224617458572836,0.057589640857795096
small,False,True,GET,0.13944318485773924,0.6540622668879569,-0.28452422600318183,0.6603724955025646,0.11265441341206672,0.07433304635167887,0.5550748739162703,0.0483837225290752
small,False,True,GIVE,-0.04334040125807926,0.6198951736923487,0.03618366837934781,0.3273095296026193,0.0305384049618056,0.04337881696278282,0.031063634871495216,0.03589853553281999
small,False,True,KEEP,0.06377085075907303,0.8585630930337045,-0.23197061669240887,0.8448318852075343,0.11226283387373848,0.033899503375431184,0.5440891366426722,0.04014069098538919
small,False,True,LEAVE,0.054784043443214026,0.9046290744888864,-0.2792790457943896,0.9179149063466091,0.1277972491734154,0.026904773261415823,0.5966173877417554,0.043169425202640686
small,False,True,MAKE,0.036966676505587645,0.8609942310202412,-0.21605487566691894,0.8502361485072422,0.03982034160124748,0.03460147791619563,0.4661125570243111,0.04407618580680421
small,False,True,PURCHASE,0.03284026791975725,0.9468710683696827,-0.2831423507859083,0.9450664509440022,0.09255315797675567,0.019034995056548206,0.3125564329257594,0.07773028133661833
small,False,True,SAVE,0.038971889594824505,0.9027393558958632,-0.22764041102143034,0.8881428402946612,0.04610848392223321,0.03326953773807956,0.40830292224795417,0.05143326098636923
small,False,True,SELL,-0.02953162769409644,0.9416967828971238,-0.09247933860189492,0.784040275938155,0.05713052889926118,0.022684846460801805,0.13167650273846054,0.04490432215022142
small,False,True,SEND,-0.04840616683809124,0.8691513020309033,-0.010568549603605768,0.5430976543935024,0.0560020812571731,0.03779453365841703,0.0013928761616812668,0.05381475038437211
small,False,True,SHOW,-0.14635568323178172,0.5691855515995699,0.02853778091190423,0.1609406712791648,0.1051430032500712,0.07518812214428004,0.03247560501730262,0.02742998390880446
small,False,True,SUPPLY,-0.05028298843275187,0.9232648757737489,-0.12135705252757303,0.6484124761055863,0.10994478305605193,0.02711534962097878,0.17623859040914858,0.04972653543932939
small,False,True,DESIGN,0.008764802600041012,0.9870730641570479,-0.12133430738496305,1.0322468455743192,0.19089023176567588,0.0032993423470579534,0.5526911455104129,0.0199581132088574
small,False,True,TAKE,-0.02029772169279508,0.9789804600253851,-0.18624537219043133,0.9345791171572926,0.1339744858182198,0.009592084016324741,0.35292272446651984,0.046874337134765964
small,False,True,FEED,-0.10927842274398389,0.6094839757132481,-0.016156505612249718,0.24788674241763406,0.08167340953154367,0.06489837458107973,0.00494331613317045,0.0405978765580469
small,False,True,BUY,0.1744058732723143,0.6549229188372646,-0.2888603516069679,0.6291894682481979,0.14499925657358725,0.08081188568934619,0.4646761585459026,0.05916090509439207
small,False,True,CATCH,0.15375586074115286,0.6513379633164096,-0.31710872961879005,0.6347461032028753,0.0951908069779347,0.09010470362397584,0.4642724319125412,0.0647483242583002
small,False,True,DELIVER,0.2651123002626737,0.4198920595873738,-0.06301722037952441,0.3809290381414077,0.1946461866505561,0.10256272176579166,0.0745113073780167,0.04223990759418104
small,False,True,THROW,-0.09416835762101379,0.7540424412583552,-0.21652341813593762,0.5471358647718526,0.13085788999824177,0.04620046038864312,0.5081405117344553,0.040553594929575096
small,False,True,PROMISE,-0.12752931429009173,0.4631957206021713,2.296453891427632e-05,0.12177585983762675,0.10493183774930259,0.06299060712139287,1.237329949610455e-08,0.0349145393406387
small,False,False,BRING,-0.04215213478548424,0.9192594242237005,-0.1695522383038288,0.7829811109648789,0.11209722365116137,0.02255743216290494,0.44105443433854896,0.03629334486455514
small,False,False,DRAW,0.05548016203361863,0.8500992763798925,-0.22466489285762223,0.8295183072918874,0.06357450394567832,0.04040481159513348,0.4615875667347994,0.04604324696177545
small,False,False,FIND,0.03817856893874612,0.8880372034763089,-0.2299644800693855,0.8907805198692211,0.05295903635503729,0.03064446072726522,0.49909264071880155,0.043728731193241166
small,False,False,GET,0.11304970705921144,0.6735279979348084,-0.23047481352227692,0.6676485015729289,0.11216706680090183,0.06041082014215776,0.551174127083556,0.03950302463248485
small,False,False,GIVE,-0.054446958384852535,0.6114061847408078,0.03520703672539195,0.35299875810251935,0.06323504582776751,0.0372265395930543,0.04379806664913288,0.029222640682697285
small,False,False,KEEP,0.060987575615661316,0.8323234518054161,-0.18433388377379556,0.8274128650387255,0.1247639236331044,0.0305355950110557,0.5636091357023207,0.0306620304588177
small,False,False,LEAVE,0.038748474451179925,0.9131464905874142,-0.2121757448166123,0.9146994387690592,0.09711896159154343,0.022209825178079328,0.5839756408317958,0.033665496960567816
small,False,False,MAKE,0.032734514270673205,0.8574939093625294,-0.16557046025519326,0.8469707426659219,0.0425702121357493,0.02959149750518866,0.4913842509363503,0.03210906235219073
small,False,False,PURCHASE,0.026545420500097613,0.9521993823121059,-0.20656141441026424,0.945170863168996,0.09968859928872797,0.014767070154698426,0.28874410688168606,0.060011802850870224
small,False,False,SAVE,0.029246711692270524,0.9116729760701013,-0.1765697480514112,0.9033076903647235,0.042007285812666884,0.02621392590004186,0.4419157344205231,0.03724197337731195
small,False,False,SELL,-0.028313864537635205,0.9458006091339809,-0.07598609593114702,0.8234978626243201,0.08245483506450169,0.017859183788640712,0.16059086356730745,0.0328486371271888
small,False,False,SEND,-0.06610038815037803,0.8845900784339867,-0.020878532735354595,0.6014617061057969,0.11676593574036354,0.03457233367265288,0.007596970907625011,0.04538043418549436
small,False,False,SHOW,-0.13557579644498136,0.5678468549964635,0.024589374310422473,0.20164075156624262,0.12317930743581074,0.06369739876674224,0.02444157855704754,0.027356624553905806
small,False,False,SUPPLY,-0.05373014340495932,0.9261883336841557,-0.10956895418144004,0.6997242945911376,0.1426874975545933,0.024961322047903276,0.20441821052917142,0.040967843906870915
small,False,False,DESIGN,0.007090913734402876,0.9877922206313995,-0.07306599033590877,1.0140390823727299,0.20293307016761541,0.0025694877801850226,0.5414802893791045,0.01229352209234905
small,False,False,TAKE,-0.01867189528291304,0.9775031660031013,-0.1397552775081463,0.9395691228577816,0.14915687325768023,0.008289014543750955,0.35179491269415775,0.03526070924549363
small,False,False,FEED,-0.09883255829465831,0.5997245128729732,-0.005127674574766771,0.2712038104013265,0.09769022249332227,0.05319777699060957,0.0006219129527849088,0.0364050582478428
small,False,False,BUY,0.14624835862678262,0.6711080278686591,-0.24769610570544573,0.6447230794502903,0.13467476562826908,0.07073776714707133,0.4186394716460454,0.05569749191502338
small,False,False,CATCH,0.1255089288977567,0.6561930301971078,-0.2855413359017429,0.6569845600653181,0.09492181894076812,0.07366639727553738,0.47385553098833477,0.05719173876048442
small,False,False,DELIVER,0.20279780808577516,0.46718797674917584,-0.04992024980627294,0.40126406273955084,0.1844249412012996,0.08111004598371903,0.05993374185623923,0.03760187796431234
small,False,False,THROW,-0.07715220610334601,0.7195124393503581,-0.18586339455916062,0.5312687854472764,0.11192429302309581,0.04137204915739545,0.4729409648082069,0.03735217516045125
small,False,False,PROMISE,-0.1183973571888775,0.4569732542801497,0.005754393779322535,0.14744914955174418,0.1363830279817443,0.050386452542353424,0.000887902781913863,0.032644899253315034
