size,pronoun,squared,prime_verb,pd_bias,pd_bias_ratio,DO-DO,DO-PD,PD-DO,PD-PD
small,True,True,BRING,0.2618125020951981,1.036387191293022,0.7584826157179064,0.24151738428209346,0.5640275873704559,0.43597241262954417
small,True,True,DRAW,0.3427671430654057,1.021131084364642,0.8008496129609994,0.19915038703900056,0.5313450899838169,0.46865491001618304
small,True,True,FIND,0.31942051065689214,1.026433148654292,0.7800729175944527,0.21992708240554731,0.4809048882254568,0.5190951117745433
small,True,True,GET,0.1741859568049255,1.0552696050498336,0.7439096253236591,0.2560903746763408,0.5002494613966322,0.4997505386033678
small,True,True,GIVE,0.034061617263652394,1.1210270764744354,0.6942810204671107,0.3057189795328893,0.48867711789228774,0.5113228821077123
small,True,True,KEEP,0.6443806073712051,0.9794633501243566,0.8160778883868991,0.183922111613101,0.5337629340787052,0.46623706592129477
small,True,True,LEAVE,0.20022368580206035,1.0471783255183094,0.7590593999489142,0.2409406000510857,0.5024385692598304,0.4975614307401695
small,True,True,MAKE,0.4043248775276502,1.0175486605874466,0.7585772758143019,0.2414227241856981,0.5138481217494274,0.4861518782505727
small,True,True,PURCHASE,0.5367373011076582,0.9956207766886849,0.7712763225839043,0.22872367741609564,0.5186780393930248,0.48132196060697524
small,True,True,SAVE,0.5490080969406451,0.9943478857264793,0.7989673478788553,0.20103265212114474,0.5279705392592752,0.47202946074072466
small,True,True,SELL,0.10312902835662827,1.0718935978733455,0.72662171017617,0.27337828982382995,0.5317032203440882,0.4682967796559118
small,True,True,SEND,0.15786160484590958,1.0599497582289434,0.7470245945750722,0.25297540542492797,0.5344767914138389,0.46552320858616125
small,True,True,SHOW,0.03196692852242077,1.1070915294530004,0.7224516504508044,0.27754834954919577,0.48088869065820183,0.5191113093417982
small,True,True,SUPPLY,0.29094308477384767,1.0277356259454846,0.7779564597373742,0.22204354026262593,0.5348775696802643,0.46512243031973566
small,True,True,DESIGN,0.7382293591564922,0.9617931499368885,0.8071648172242674,0.19283518277573256,0.5462253276788658,0.4537746723211342
small,True,True,TAKE,0.758412850722923,0.9646205591488735,0.816969099004315,0.18303090099568495,0.5819267280516575,0.4180732719483426
small,True,True,FEED,0.04128090274688525,1.0965060656608896,0.738350195426408,0.261649804573592,0.5145126883831593,0.4854873116168407
small,True,True,BUY,0.2738046781148612,1.039719884267216,0.7340610371784753,0.2659389628215248,0.49897227910042463,0.5010277208995754
small,True,True,CATCH,0.4048379304903059,1.0139373394766116,0.8054560237341688,0.19454397626583117,0.5118999787379611,0.48810002126203905
small,True,True,DELIVER,0.2193488316159187,1.0445654439220866,0.760281471115136,0.23971852888486395,0.5334231981834168,0.4665768018165832
small,True,True,THROW,0.28154102144920695,1.0294892693738782,0.77951200534561,0.22048799465438992,0.5721569512692167,0.42784304873078327
small,True,True,PROMISE,0.05389717466140931,1.0865367680293303,0.7337334455292194,0.26626655447078074,0.537845914318487,0.46215408568151295
small,True,False,BRING,0.2618125020951981,1.036387191293022,0.7637922687469336,0.23620773125306657,0.5991183576090768,0.40088164239092317
small,True,False,DRAW,0.3427671430654057,1.021131084364642,0.7929454423147444,0.2070545576852556,0.5665847948237666,0.4334152051762334
small,True,False,FIND,0.31942051065689214,1.026433148654292,0.7813376246988737,0.21866237530112623,0.525571484158491,0.474428515841509
small,True,False,GET,0.1741859568049255,1.0552696050498336,0.7515060158653538,0.24849398413464632,0.5410928700807599,0.45890712991924015
small,True,False,GIVE,0.034061617263652394,1.1210270764744354,0.7097010218897929,0.2902989781102071,0.533773048156521,0.46622695184347895
small,True,False,KEEP,0.6443806073712051,0.9794633501243566,0.8192250496234794,0.18077495037652064,0.5701114973939714,0.4298885026060287
small,True,False,LEAVE,0.20022368580206035,1.0471783255183094,0.7658713015900708,0.23412869840992934,0.5450813793274918,0.4549186206725082
small,True,False,MAKE,0.4043248775276502,1.0175486605874466,0.7628884517833676,0.23711154821663247,0.5549933961889323,0.44500660381106766
small,True,False,PURCHASE,0.5367373011076582,0.9956207766886849,0.772809378966149,0.227190621033851,0.5541888826909886,0.44581111730901135
small,True,False,SAVE,0.5490080969406451,0.9943478857264793,0.8001741778912366,0.19982582210876346,0.5654395509413774,0.43456044905862257
small,True,False,SELL,0.10312902835662827,1.0718935978733455,0.7350430810354487,0.26495691896455126,0.5670740984880519,0.4329259015119481
small,True,False,SEND,0.15786160484590958,1.0599497582289434,0.7552683886270763,0.24473161137292365,0.5702512948093182,0.4297487051906818
small,True,False,SHOW,0.03196692852242077,1.1070915294530004,0.734654915540217,0.26534508445978305,0.5329732283755503,0.4670267716244497
small,True,False,SUPPLY,0.29094308477384767,1.0277356259454846,0.7759906682905662,0.22400933170943382,0.5708065725741124,0.4291934274258877
small,True,False,DESIGN,0.7382293591564922,0.9617931499368885,0.8026876122524622,0.19731238774753776,0.5836756723897878,0.4163243276102122
small,True,False,TAKE,0.758412850722923,0.9646205591488735,0.8164332667180983,0.1835667332819017,0.6150526679552106,0.3849473320447894
small,True,False,FEED,0.04128090274688525,1.0965060656608896,0.7382401270880546,0.26175987291194547,0.5493339689867872,0.4506660310132129
small,True,False,BUY,0.2738046781148612,1.039719884267216,0.7404516593867747,0.25954834061322535,0.5355834056103145,0.46441659438968536
small,True,False,CATCH,0.4048379304903059,1.0139373394766116,0.8052481024244741,0.19475189757552597,0.5503258817002451,0.4496741182997549
small,True,False,DELIVER,0.2193488316159187,1.0445654439220866,0.7605834318727509,0.23941656812724907,0.5711973110373479,0.4288026889626521
small,True,False,THROW,0.28154102144920695,1.0294892693738782,0.7744882463170154,0.22551175368298465,0.5980319951405116,0.40196800485948836
small,True,False,PROMISE,0.05389717466140931,1.0865367680293303,0.7392022113792832,0.26079778862071684,0.5730461447415761,0.426953855258424
small,False,True,BRING,0.8180421030610068,0.954050352786475,0.48047305478821706,0.519526945211783,0.2195126081899185,0.7804873918100815
small,False,True,DRAW,0.8344661629554287,0.9509566375967714,0.4845408783456704,0.5154591216543296,0.2038087470144883,0.7961912529855117
small,False,True,FIND,0.832445893973126,0.9542868698455603,0.48470304093978983,0.5152969590602103,0.18739025824999525,0.8126097417500048
small,False,True,GET,0.6459250458464543,0.9809269878115138,0.47204032535189916,0.5279596746481008,0.19980724159650537,0.8001927584034948
small,False,True,GIVE,0.42219387868963376,1.0108883045242674,0.3343986114030954,0.6656013885969045,0.18943776937390347,0.8105622306260966
small,False,True,KEEP,0.8592806402147817,0.9506101498638874,0.5112860542620973,0.4887139457379028,0.18526158670874412,0.8147384132912558
small,False,True,LEAVE,0.8882106742505979,0.9441367200721987,0.46055683028244737,0.5394431697175527,0.19450973333906826,0.8054902666609318
small,False,True,MAKE,0.7916990017608706,0.9507428220925993,0.4101505748002266,0.5898494251997735,0.1818899050617371,0.8181100949382629
small,False,True,PURCHASE,0.9475316517769848,0.925644049061646,0.5334562285523538,0.4665437714476462,0.202208973989034,0.7977910260109659
small,False,True,SAVE,0.8954584072586842,0.9419733086036101,0.5028958617480075,0.4971041382519925,0.2032194175588838,0.7967805824411162
small,False,True,SELL,0.8577945864583786,0.9468297523013812,0.46479732919258326,0.5352026708074168,0.23146039597774992,0.7685396040222501
small,False,True,SEND,0.8168025400559603,0.9584771955933826,0.4555961336463406,0.5444038663536594,0.22750833583422195,0.772491664165778
small,False,True,SHOW,0.4052449523709813,1.0120141999968062,0.35209025628082946,0.6479097437191705,0.19569843508180917,0.8043015649181907
small,False,True,SUPPLY,0.8430313354325352,0.9544149386759595,0.46136571844903823,0.5386342815509618,0.20969839652491531,0.7903016034750847
small,False,True,DESIGN,0.9840455244247182,0.8979821079265414,0.47782817568717734,0.5221718243128227,0.20481194723823712,0.7951880527617629
small,False,True,TAKE,0.9336755605514614,0.9250273165941759,0.5265278418708563,0.4734721581291438,0.23550618974901633,0.7644938102509837
small,False,True,FEED,0.41623829130433077,1.0101847963646196,0.39539882667787934,0.6046011733221208,0.197611308448909,0.802388691551091
small,False,True,BUY,0.697593146461664,0.9756430669184085,0.48988339926143465,0.5101166007385655,0.20257110670939607,0.797428893290604
small,False,True,CATCH,0.6520611001668176,0.9814441641376629,0.46887572398411675,0.5311242760158833,0.19873969715479328,0.8012603028452068
small,False,True,DELIVER,0.6572450964314539,0.9812161070959093,0.4762915260199037,0.5237084739800962,0.20528586495855286,0.7947141350414471
small,False,True,THROW,0.6663332325012252,0.9780619971965417,0.4790847973980226,0.5209152026019774,0.22461355055696924,0.7753864494430308
small,False,True,PROMISE,0.3389881467209069,1.0204965975088982,0.3802379307040444,0.6197620692959556,0.19603281075082837,0.8039671892491717
small,False,False,BRING,0.8180421030610068,0.954050352786475,0.44246952643831516,0.5575304735616847,0.2213576667913677,0.7786423332086323
small,False,False,DRAW,0.8344661629554287,0.9509566375967714,0.4400333893508871,0.559966610649113,0.21024726117928888,0.7897527388207112
small,False,False,FIND,0.832445893973126,0.9542868698455603,0.4422399173689257,0.5577600826310743,0.1962666285706147,0.8037333714293853
small,False,False,GET,0.6459250458464543,0.9809269878115138,0.42968300862670533,0.5703169913732946,0.2044063766288595,0.7955936233711405
small,False,False,GIVE,0.42219387868963376,1.0108883045242674,0.3234069285101117,0.6765930714898881,0.1940839958547153,0.8059160041452846
small,False,False,KEEP,0.8592806402147817,0.9506101498638874,0.4558797695520561,0.5441202304479438,0.1926382392236526,0.8073617607763475
small,False,False,LEAVE,0.8882106742505979,0.9441367200721987,0.4254160480419691,0.5745839519580308,0.20418546192563375,0.7958145380743663
small,False,False,MAKE,0.7916990017608706,0.9507428220925993,0.37755793477905003,0.62244206522095,0.19371705779153778,0.8062829422084622
small,False,False,PURCHASE,0.9475316517769848,0.925644049061646,0.4854791437644558,0.5145208562355442,0.20931316552717638,0.7906868344728235
small,False,False,SAVE,0.8954584072586842,0.9419733086036101,0.4576250676133192,0.5423749323866808,0.2088109482942251,0.7911890517057749
small,False,False,SELL,0.8577945864583786,0.9468297523013812,0.4312542430842802,0.5687457569157198,0.23392150130342154,0.7660784986965785
small,False,False,SEND,0.8168025400559603,0.9584771955933826,0.4219815636631673,0.5780184363368327,0.22808748362088305,0.771912516379117
small,False,False,SHOW,0.4052449523709813,1.0120141999968062,0.33425463863166593,0.6657453613683341,0.1970304188561896,0.8029695811438103
small,False,False,SUPPLY,0.8430313354325352,0.9544149386759595,0.4247905283001095,0.5752094716998907,0.2147235502485394,0.7852764497514606
small,False,False,DESIGN,0.9840455244247182,0.8979821079265414,0.43361489325452307,0.5663851067454769,0.21596946751270088,0.7840305324872991
small,False,False,TAKE,0.9336755605514614,0.9250273165941759,0.4770094571621213,0.5229905428378787,0.2344543497923103,0.7655456502076897
small,False,False,FEED,0.41623829130433077,1.0101847963646196,0.3651117602603778,0.6348882397396223,0.1999722663629172,0.8000277336370828
small,False,False,BUY,0.697593146461664,0.9756430669184085,0.445115092330515,0.5548849076694851,0.20932246375195732,0.7906775362480426
small,False,False,CATCH,0.6520611001668176,0.9814441641376629,0.42264815981576137,0.5773518401842387,0.20467840211857585,0.7953215978814242
small,False,False,DELIVER,0.6572450964314539,0.9812161070959093,0.4335027914913856,0.5664972085086144,0.2107529098682049,0.7892470901317951
small,False,False,THROW,0.6663332325012252,0.9780619971965417,0.4306064478016471,0.569393552198353,0.22072913444513362,0.7792708655548664
small,False,False,PROMISE,0.3389881467209069,1.0204965975088982,0.35245470543772356,0.6475452945622764,0.19640472776494197,0.8035952722350581
