size,prime_verb,pd_bias,pd_bias_ratio,target_verb,DO-DO,DO-PD,PD-DO,PD-PD
davinci-002,BRING,0.43126910875251173,1.0142351171500723,DRAW,0.4837271760914451,0.5162728239085549,0.31291686311384787,0.6870831368861522
davinci-002,BRING,0.43126910875251173,1.0142351171500723,FIND,0.7057882741622318,0.2942117258377682,0.46209111437345735,0.5379088856265426
davinci-002,BRING,0.43126910875251173,1.0142351171500723,GET,0.7256393249543973,0.2743606750456027,0.5214120433638301,0.4785879566361699
davinci-002,BRING,0.43126910875251173,1.0142351171500723,GIVE,0.7311061007556038,0.26889389924439616,0.5853550206121925,0.41464497938780753
davinci-002,BRING,0.43126910875251173,1.0142351171500723,KEEP,0.4386935946640827,0.5613064053359174,0.28765798644522284,0.7123420135547771
davinci-002,BRING,0.43126910875251173,1.0142351171500723,LEAVE,0.5863445309571723,0.4136554690428276,0.42157838076047566,0.5784216192395244
davinci-002,BRING,0.43126910875251173,1.0142351171500723,MAKE,0.5930629490487873,0.4069370509512127,0.4889973259706386,0.5110026740293614
davinci-002,BRING,0.43126910875251173,1.0142351171500723,PURCHASE,0.422376511920413,0.577623488079587,0.2633237583533465,0.7366762416466536
davinci-002,BRING,0.43126910875251173,1.0142351171500723,SAVE,0.5525966031974983,0.4474033968025017,0.3793881990607251,0.6206118009392749
davinci-002,BRING,0.43126910875251173,1.0142351171500723,SELL,0.6135782551078021,0.386421744892198,0.39996535554847656,0.6000346444515234
davinci-002,BRING,0.43126910875251173,1.0142351171500723,SEND,0.6461149794485999,0.35388502055140014,0.3561707035301616,0.6438292964698384
davinci-002,BRING,0.43126910875251173,1.0142351171500723,SHOW,0.7903355476184271,0.2096644523815729,0.5906081106837465,0.40939188931625353
davinci-002,BRING,0.43126910875251173,1.0142351171500723,SUPPLY,0.6807693690099029,0.3192306309900971,0.37695922044249186,0.6230407795575083
davinci-002,BRING,0.43126910875251173,1.0142351171500723,DESIGN,0.27059068188416735,0.7294093181158325,0.14076875432814473,0.8592312456718553
davinci-002,BRING,0.43126910875251173,1.0142351171500723,TAKE,0.47488864075392756,0.5251113592460724,0.1877797696335317,0.8122202303664683
davinci-002,BRING,0.43126910875251173,1.0142351171500723,FEED,0.7441938557202751,0.25580614427972487,0.5042577382493978,0.49574226175060226
davinci-002,BRING,0.43126910875251173,1.0142351171500723,BUY,0.788579990354929,0.21142000964507104,0.5674590607302472,0.4325409392697528
davinci-002,BRING,0.43126910875251173,1.0142351171500723,CATCH,0.6437510350307056,0.3562489649692944,0.5091045098411702,0.49089549015882983
davinci-002,BRING,0.43126910875251173,1.0142351171500723,DELIVER,0.8145493732879792,0.185450626712021,0.6186272490681536,0.3813727509318464
davinci-002,BRING,0.43126910875251173,1.0142351171500723,THROW,0.5962667542742088,0.4037332457257912,0.35717610650241766,0.6428238934975823
davinci-002,BRING,0.43126910875251173,1.0142351171500723,PROMISE,0.8385550859652472,0.16144491403475292,0.6554053252954679,0.34459467470453214
davinci-002,DRAW,0.57168922332227,0.9918422874977596,BRING,0.6627438911253505,0.3372561088746495,0.4806909422272595,0.5193090577727405
davinci-002,DRAW,0.57168922332227,0.9918422874977596,FIND,0.7354360501447271,0.26456394985527276,0.32832544858961044,0.6716745514103896
davinci-002,DRAW,0.57168922332227,0.9918422874977596,GET,0.7489661043441305,0.25103389565586964,0.42381253267441166,0.5761874673255883
davinci-002,DRAW,0.57168922332227,0.9918422874977596,GIVE,0.7288320343753825,0.27116796562461765,0.5826440742642411,0.41735592573575886
davinci-002,DRAW,0.57168922332227,0.9918422874977596,KEEP,0.6166647267793749,0.3833352732206251,0.22625565562880515,0.7737443443711949
davinci-002,DRAW,0.57168922332227,0.9918422874977596,LEAVE,0.683939797074388,0.3160602029256119,0.369616056461066,0.630383943538934
davinci-002,DRAW,0.57168922332227,0.9918422874977596,MAKE,0.6843778625075927,0.3156221374924072,0.2778088767164029,0.7221911232835971
davinci-002,DRAW,0.57168922332227,0.9918422874977596,PURCHASE,0.5583154242800323,0.4416845757199676,0.19548134484475604,0.8045186551552439
davinci-002,DRAW,0.57168922332227,0.9918422874977596,SAVE,0.6870616411969526,0.31293835880304743,0.30914274856139445,0.6908572514386054
davinci-002,DRAW,0.57168922332227,0.9918422874977596,SELL,0.6038290593340939,0.3961709406659061,0.44254306078034167,0.5574569392196583
davinci-002,DRAW,0.57168922332227,0.9918422874977596,SEND,0.658185593812805,0.341814406187195,0.4793756038474076,0.5206243961525925
davinci-002,DRAW,0.57168922332227,0.9918422874977596,SHOW,0.7802834814330594,0.21971651856694074,0.6268594756959345,0.37314052430406547
davinci-002,DRAW,0.57168922332227,0.9918422874977596,SUPPLY,0.6896914692141176,0.3103085307858823,0.4634487221314666,0.5365512778685334
davinci-002,DRAW,0.57168922332227,0.9918422874977596,DESIGN,0.45582051072044316,0.5441794892795568,0.1070727921093432,0.8929272078906568
davinci-002,DRAW,0.57168922332227,0.9918422874977596,TAKE,0.5922826961839734,0.4077173038160265,0.2731576716309837,0.7268423283690163
davinci-002,DRAW,0.57168922332227,0.9918422874977596,FEED,0.8482951678963491,0.15170483210365085,0.6652951390830641,0.33470486091693585
davinci-002,DRAW,0.57168922332227,0.9918422874977596,BUY,0.7616462805749055,0.23835371942509465,0.46626910535133975,0.5337308946486603
davinci-002,DRAW,0.57168922332227,0.9918422874977596,CATCH,0.7716133332259804,0.22838666677401967,0.24650091099619964,0.7534990890038002
davinci-002,DRAW,0.57168922332227,0.9918422874977596,DELIVER,0.8134547075850109,0.18654529241498902,0.4368889746098155,0.5631110253901845
davinci-002,DRAW,0.57168922332227,0.9918422874977596,THROW,0.658037918859244,0.34196208114075605,0.4319075967499596,0.5680924032500404
davinci-002,DRAW,0.57168922332227,0.9918422874977596,PROMISE,0.8517410422700773,0.14825895772992267,0.684137893349153,0.3158621066508472
davinci-002,FIND,0.4680372939035447,1.0058638609089976,BRING,0.640906874139558,0.35909312586044195,0.4974759165141147,0.5025240834858853
davinci-002,FIND,0.4680372939035447,1.0058638609089976,DRAW,0.5499770672209877,0.4500229327790123,0.22955919321410362,0.7704408067858963
davinci-002,FIND,0.4680372939035447,1.0058638609089976,GET,0.7149284120338953,0.28507158796610466,0.3897644556255858,0.6102355443744142
davinci-002,FIND,0.4680372939035447,1.0058638609089976,GIVE,0.699142066241168,0.30085793375883196,0.6027986590168964,0.3972013409831036
davinci-002,FIND,0.4680372939035447,1.0058638609089976,KEEP,0.5636237678026982,0.4363762321973018,0.172587309832204,0.827412690167796
davinci-002,FIND,0.4680372939035447,1.0058638609089976,LEAVE,0.6592471746990534,0.3407528253009467,0.34696308269171344,0.6530369173082866
davinci-002,FIND,0.4680372939035447,1.0058638609089976,MAKE,0.6480226449992003,0.35197735500079974,0.31889009526058104,0.6811099047394188
davinci-002,FIND,0.4680372939035447,1.0058638609089976,PURCHASE,0.4758396004921908,0.5241603995078092,0.19620254726172554,0.8037974527382745
davinci-002,FIND,0.4680372939035447,1.0058638609089976,SAVE,0.6614785001099573,0.3385214998900426,0.2871580178710962,0.7128419821289039
davinci-002,FIND,0.4680372939035447,1.0058638609089976,SELL,0.6109469971336391,0.3890530028663609,0.45727996294888695,0.542720037051113
davinci-002,FIND,0.4680372939035447,1.0058638609089976,SEND,0.5979986254012424,0.4020013745987576,0.4876001752698944,0.5123998247301056
davinci-002,FIND,0.4680372939035447,1.0058638609089976,SHOW,0.7608719468680823,0.23912805313191768,0.6323704217846452,0.36762957821535475
davinci-002,FIND,0.4680372939035447,1.0058638609089976,SUPPLY,0.6797478993753501,0.3202521006246499,0.4884152628558451,0.5115847371441549
davinci-002,FIND,0.4680372939035447,1.0058638609089976,DESIGN,0.3442384325979396,0.6557615674020605,0.09346011676131755,0.9065398832386825
davinci-002,FIND,0.4680372939035447,1.0058638609089976,TAKE,0.439882040197963,0.560117959802037,0.29268022255242804,0.707319777447572
davinci-002,FIND,0.4680372939035447,1.0058638609089976,FEED,0.7629542051916417,0.23704579480835838,0.619910856530647,0.3800891434693529
davinci-002,FIND,0.4680372939035447,1.0058638609089976,BUY,0.7020780624931376,0.2979219375068623,0.43984963371263314,0.5601503662873669
davinci-002,FIND,0.4680372939035447,1.0058638609089976,CATCH,0.7467896372766856,0.2532103627233145,0.25173188632062027,0.7482681136793796
davinci-002,FIND,0.4680372939035447,1.0058638609089976,DELIVER,0.7803971873399569,0.2196028126600432,0.47174653475740624,0.5282534652425938
davinci-002,FIND,0.4680372939035447,1.0058638609089976,THROW,0.5977359416013538,0.4022640583986461,0.496077135775306,0.503922864224694
davinci-002,FIND,0.4680372939035447,1.0058638609089976,PROMISE,0.8350984579286143,0.16490154207138574,0.6938279938777225,0.30617200612227746
davinci-002,GET,0.33908670939525215,1.027892192420868,BRING,0.6182528514122829,0.3817471485877171,0.49605827616011866,0.5039417238398813
davinci-002,GET,0.33908670939525215,1.027892192420868,DRAW,0.5396680615765903,0.46033193842340964,0.22977209410636587,0.7702279058936341
davinci-002,GET,0.33908670939525215,1.027892192420868,FIND,0.7010816590280878,0.2989183409719122,0.2816826110465499,0.7183173889534501
davinci-002,GET,0.33908670939525215,1.027892192420868,GIVE,0.7439071074134409,0.25609289258655915,0.6279635187759651,0.37203648122403493
davinci-002,GET,0.33908670939525215,1.027892192420868,KEEP,0.5338513151271148,0.46614868487288524,0.21052532078664707,0.789474679213353
davinci-002,GET,0.33908670939525215,1.027892192420868,LEAVE,0.6060724580889247,0.39392754191107526,0.33068738936616504,0.6693126106338348
davinci-002,GET,0.33908670939525215,1.027892192420868,MAKE,0.6359822668561104,0.3640177331438895,0.36284903279912184,0.6371509672008782
davinci-002,GET,0.33908670939525215,1.027892192420868,PURCHASE,0.44219769762390876,0.5578023023760912,0.18354673129299698,0.816453268707003
davinci-002,GET,0.33908670939525215,1.027892192420868,SAVE,0.6475247502208091,0.35247524977919087,0.30692895872052367,0.6930710412794764
davinci-002,GET,0.33908670939525215,1.027892192420868,SELL,0.6068708707200569,0.3931291292799432,0.43778427795916486,0.5622157220408351
davinci-002,GET,0.33908670939525215,1.027892192420868,SEND,0.6323125676209301,0.3676874323790698,0.4929435570590613,0.5070564429409388
davinci-002,GET,0.33908670939525215,1.027892192420868,SHOW,0.8079376075149832,0.1920623924850168,0.6617737459544716,0.3382262540455283
davinci-002,GET,0.33908670939525215,1.027892192420868,SUPPLY,0.6988363117583313,0.30116368824166856,0.49317450214120595,0.506825497858794
davinci-002,GET,0.33908670939525215,1.027892192420868,DESIGN,0.29347049081060617,0.7065295091893938,0.11047492136689517,0.8895250786331047
davinci-002,GET,0.33908670939525215,1.027892192420868,TAKE,0.4360508227759085,0.5639491772240913,0.278758299954659,0.7212417000453409
davinci-002,GET,0.33908670939525215,1.027892192420868,FEED,0.7631061982983283,0.23689380170167165,0.6154394307449391,0.3845605692550608
davinci-002,GET,0.33908670939525215,1.027892192420868,BUY,0.7334128292324873,0.2665871707675127,0.43778159168264014,0.5622184083173599
davinci-002,GET,0.33908670939525215,1.027892192420868,CATCH,0.7081590925048531,0.2918409074951471,0.2641621625452044,0.7358378374547957
davinci-002,GET,0.33908670939525215,1.027892192420868,DELIVER,0.7512404976451542,0.24875950235484584,0.4157958398802644,0.5842041601197355
davinci-002,GET,0.33908670939525215,1.027892192420868,THROW,0.5950203138600898,0.40497968613991014,0.4652549808835543,0.5347450191164456
davinci-002,GET,0.33908670939525215,1.027892192420868,PROMISE,0.81365196874629,0.18634803125371013,0.684792920434162,0.315207079565838
davinci-002,GIVE,0.2504103617279631,1.0575089141593121,BRING,0.6073883796740278,0.3926116203259722,0.3457037225834006,0.6542962774165995
davinci-002,GIVE,0.2504103617279631,1.0575089141593121,DRAW,0.47689219693109325,0.5231078030689068,0.3008725289005803,0.6991274710994198
davinci-002,GIVE,0.2504103617279631,1.0575089141593121,FIND,0.6175426384030936,0.38245736159690635,0.4380564998989047,0.5619435001010953
davinci-002,GIVE,0.2504103617279631,1.0575089141593121,GET,0.6573710884513646,0.3426289115486354,0.4705065920686235,0.5294934079313766
davinci-002,GIVE,0.2504103617279631,1.0575089141593121,KEEP,0.43069445299870873,0.5693055470012912,0.28210346669499714,0.7178965333050029
davinci-002,GIVE,0.2504103617279631,1.0575089141593121,LEAVE,0.6013762889899428,0.3986237110100572,0.4076400846540549,0.592359915345945
davinci-002,GIVE,0.2504103617279631,1.0575089141593121,MAKE,0.6099373283452231,0.3900626716547769,0.44918254629565874,0.5508174537043413
davinci-002,GIVE,0.2504103617279631,1.0575089141593121,PURCHASE,0.39031388085570107,0.6096861191442989,0.24413457053033605,0.7558654294696638
davinci-002,GIVE,0.2504103617279631,1.0575089141593121,SAVE,0.5737810561228865,0.4262189438771135,0.3720273108811045,0.6279726891188955
davinci-002,GIVE,0.2504103617279631,1.0575089141593121,SELL,0.5976761493801834,0.40232385061981657,0.32127433971860475,0.6787256602813951
davinci-002,GIVE,0.2504103617279631,1.0575089141593121,SEND,0.584753621508345,0.415246378491655,0.3671245781090947,0.6328754218909053
davinci-002,GIVE,0.2504103617279631,1.0575089141593121,SHOW,0.7845866460120066,0.21541335398799347,0.5180940482151075,0.48190595178489254
davinci-002,GIVE,0.2504103617279631,1.0575089141593121,SUPPLY,0.6602858680802529,0.33971413191974703,0.3302703871627149,0.6697296128372849
davinci-002,GIVE,0.2504103617279631,1.0575089141593121,DESIGN,0.2752425128355451,0.724757487164455,0.15849912758706158,0.8415008724129385
davinci-002,GIVE,0.2504103617279631,1.0575089141593121,TAKE,0.38675258341913327,0.6132474165808667,0.1771191409743952,0.8228808590256047
davinci-002,GIVE,0.2504103617279631,1.0575089141593121,FEED,0.7904632936646472,0.20953670633535282,0.498041187497853,0.501958812502147
davinci-002,GIVE,0.2504103617279631,1.0575089141593121,BUY,0.6855847235864363,0.31441527641356365,0.4960968203258146,0.5039031796741854
davinci-002,GIVE,0.2504103617279631,1.0575089141593121,CATCH,0.5933559073146376,0.40664409268536245,0.47149095632942567,0.5285090436705744
davinci-002,GIVE,0.2504103617279631,1.0575089141593121,DELIVER,0.790121643771277,0.20987835622872286,0.6587403194446483,0.34125968055535166
davinci-002,GIVE,0.2504103617279631,1.0575089141593121,THROW,0.5708086817373977,0.42919131826260226,0.3135405189537424,0.6864594810462576
davinci-002,GIVE,0.2504103617279631,1.0575089141593121,PROMISE,0.82108871337415,0.17891128662585,0.537336379851324,0.46266362014867596
davinci-002,KEEP,0.6532477716972956,0.9798350696666737,BRING,0.5917819643085204,0.4082180356914797,0.46020576735484353,0.5397942326451565
davinci-002,KEEP,0.6532477716972956,0.9798350696666737,DRAW,0.5841234986688293,0.41587650133117066,0.255284647193301,0.7447153528066989
davinci-002,KEEP,0.6532477716972956,0.9798350696666737,FIND,0.7400509841978546,0.2599490158021452,0.36028449904579946,0.6397155009542006
davinci-002,KEEP,0.6532477716972956,0.9798350696666737,GET,0.6938860231263336,0.3061139768736663,0.3844138355597023,0.6155861644402977
davinci-002,KEEP,0.6532477716972956,0.9798350696666737,GIVE,0.7156312684093911,0.28436873159060905,0.57284891220753,0.42715108779247
davinci-002,KEEP,0.6532477716972956,0.9798350696666737,LEAVE,0.704263395010653,0.29573660498934695,0.30624617612392185,0.6937538238760781
davinci-002,KEEP,0.6532477716972956,0.9798350696666737,MAKE,0.6861435855160701,0.3138564144839297,0.348931916922551,0.651068083077449
davinci-002,KEEP,0.6532477716972956,0.9798350696666737,PURCHASE,0.4957957053779397,0.5042042946220603,0.19916924283438525,0.8008307571656147
davinci-002,KEEP,0.6532477716972956,0.9798350696666737,SAVE,0.7131097860462309,0.28689021395376907,0.23271775612040943,0.7672822438795905
davinci-002,KEEP,0.6532477716972956,0.9798350696666737,SELL,0.5979309178921557,0.4020690821078443,0.4240244378638801,0.5759755621361199
davinci-002,KEEP,0.6532477716972956,0.9798350696666737,SEND,0.5941478352241244,0.40585216477587566,0.47493682575596324,0.5250631742440368
davinci-002,KEEP,0.6532477716972956,0.9798350696666737,SHOW,0.7460809612483308,0.2539190387516691,0.6260977693534536,0.3739022306465463
davinci-002,KEEP,0.6532477716972956,0.9798350696666737,SUPPLY,0.6806768505728888,0.3193231494271112,0.4997696249526581,0.5002303750473419
davinci-002,KEEP,0.6532477716972956,0.9798350696666737,DESIGN,0.3700169253807337,0.6299830746192662,0.146155118435494,0.853844881564506
davinci-002,KEEP,0.6532477716972956,0.9798350696666737,TAKE,0.5510930190678113,0.4489069809321888,0.2879196011522107,0.7120803988477894
davinci-002,KEEP,0.6532477716972956,0.9798350696666737,FEED,0.8183796837136703,0.1816203162863298,0.6083529173882544,0.3916470826117455
davinci-002,KEEP,0.6532477716972956,0.9798350696666737,BUY,0.7013575226549892,0.29864247734501076,0.43852479701165203,0.5614752029883481
davinci-002,KEEP,0.6532477716972956,0.9798350696666737,CATCH,0.7621682035694441,0.2378317964305559,0.29929092734208934,0.7007090726579106
davinci-002,KEEP,0.6532477716972956,0.9798350696666737,DELIVER,0.7868761844475537,0.2131238155524464,0.4250678700062689,0.5749321299937311
davinci-002,KEEP,0.6532477716972956,0.9798350696666737,THROW,0.5868052335201895,0.4131947664798104,0.44423685679857483,0.5557631432014252
davinci-002,KEEP,0.6532477716972956,0.9798350696666737,PROMISE,0.82127881170563,0.17872118829437006,0.6583485731599343,0.34165142684006566
davinci-002,LEAVE,0.44922245523163856,1.0078410472725132,BRING,0.6399965328148062,0.3600034671851939,0.4861643483143043,0.5138356516856958
davinci-002,LEAVE,0.44922245523163856,1.0078410472725132,DRAW,0.5071081790109199,0.49289182098908013,0.23527921805685043,0.7647207819431494
davinci-002,LEAVE,0.44922245523163856,1.0078410472725132,FIND,0.6863303690659157,0.31366963093408434,0.3073173017617799,0.6926826982382202
davinci-002,LEAVE,0.44922245523163856,1.0078410472725132,GET,0.6889447312717673,0.31105526872823264,0.42587106374293127,0.5741289362570687
davinci-002,LEAVE,0.44922245523163856,1.0078410472725132,GIVE,0.7201357159801833,0.27986428401981667,0.5912329211290032,0.40876707887099684
davinci-002,LEAVE,0.44922245523163856,1.0078410472725132,KEEP,0.5489900486408688,0.45100995135913124,0.16175264859739108,0.8382473514026089
davinci-002,LEAVE,0.44922245523163856,1.0078410472725132,MAKE,0.6376980987541979,0.362301901245802,0.37316020399203226,0.6268397960079678
davinci-002,LEAVE,0.44922245523163856,1.0078410472725132,PURCHASE,0.4260783292004484,0.5739216707995516,0.21391286039307433,0.7860871396069257
davinci-002,LEAVE,0.44922245523163856,1.0078410472725132,SAVE,0.6344290405034761,0.36557095949652385,0.2879061732961633,0.7120938267038366
davinci-002,LEAVE,0.44922245523163856,1.0078410472725132,SELL,0.6112040696086483,0.38879593039135174,0.43424310861452925,0.5657568913854708
davinci-002,LEAVE,0.44922245523163856,1.0078410472725132,SEND,0.6136430788584135,0.38635692114158643,0.4592136318662066,0.5407863681337934
davinci-002,LEAVE,0.44922245523163856,1.0078410472725132,SHOW,0.7427028546042258,0.25729714539577414,0.6348077095572188,0.3651922904427812
davinci-002,LEAVE,0.44922245523163856,1.0078410472725132,SUPPLY,0.6597765461847941,0.34022345381520586,0.44314513722206167,0.5568548627779383
davinci-002,LEAVE,0.44922245523163856,1.0078410472725132,DESIGN,0.34311294747439336,0.6568870525256066,0.13695348407460373,0.8630465159253964
davinci-002,LEAVE,0.44922245523163856,1.0078410472725132,TAKE,0.4614392040961431,0.5385607959038569,0.29309474853233725,0.7069052514676628
davinci-002,LEAVE,0.44922245523163856,1.0078410472725132,FEED,0.7964079082237007,0.20359209177629922,0.617868151665308,0.382131848334692
davinci-002,LEAVE,0.44922245523163856,1.0078410472725132,BUY,0.6949184458173256,0.30508155418267424,0.46233637904090186,0.5376636209590981
davinci-002,LEAVE,0.44922245523163856,1.0078410472725132,CATCH,0.6341220872512924,0.3658779127487077,0.3002906678156851,0.6997093321843149
davinci-002,LEAVE,0.44922245523163856,1.0078410472725132,DELIVER,0.8027413789525333,0.19725862104746666,0.43271801617207545,0.5672819838279246
davinci-002,LEAVE,0.44922245523163856,1.0078410472725132,THROW,0.5925487512918619,0.4074512487081381,0.4464570438402656,0.5535429561597344
davinci-002,LEAVE,0.44922245523163856,1.0078410472725132,PROMISE,0.8336454101367182,0.16635458986328175,0.6970348951607448,0.3029651048392552
davinci-002,MAKE,0.4384916515978105,1.011870118768117,BRING,0.5784671491128875,0.42153285088711245,0.45228003961913316,0.5477199603808668
davinci-002,MAKE,0.4384916515978105,1.011870118768117,DRAW,0.5074605155290535,0.4925394844709466,0.23202571418013324,0.7679742858198666
davinci-002,MAKE,0.4384916515978105,1.011870118768117,FIND,0.6753820286600852,0.3246179713399148,0.3221147658110479,0.6778852341889521
davinci-002,MAKE,0.4384916515978105,1.011870118768117,GET,0.7055684621090004,0.2944315378909996,0.4242117450683869,0.575788254931613
davinci-002,MAKE,0.4384916515978105,1.011870118768117,GIVE,0.6962912418469642,0.30370875815303594,0.5794766228839792,0.42052337711602084
davinci-002,MAKE,0.4384916515978105,1.011870118768117,KEEP,0.5570256923843067,0.4429743076156933,0.24435361087240623,0.7556463891275936
davinci-002,MAKE,0.4384916515978105,1.011870118768117,LEAVE,0.6125838983222622,0.3874161016777377,0.35793842777857265,0.6420615722214273
davinci-002,MAKE,0.4384916515978105,1.011870118768117,PURCHASE,0.42769168312570094,0.5723083168742992,0.2032609325778101,0.7967390674221899
davinci-002,MAKE,0.4384916515978105,1.011870118768117,SAVE,0.6310234465291397,0.36897655347086017,0.3065549411608781,0.6934450588391219
davinci-002,MAKE,0.4384916515978105,1.011870118768117,SELL,0.5917228847167842,0.40827711528321564,0.4478465164999899,0.55215348350001
davinci-002,MAKE,0.4384916515978105,1.011870118768117,SEND,0.5927688131134674,0.40723118688653254,0.47812187073552953,0.5218781292644704
davinci-002,MAKE,0.4384916515978105,1.011870118768117,SHOW,0.7411645680733754,0.25883543192662456,0.6123902370628468,0.3876097629371533
davinci-002,MAKE,0.4384916515978105,1.011870118768117,SUPPLY,0.6369530118838425,0.3630469881161575,0.4918113890822451,0.5081886109177549
davinci-002,MAKE,0.4384916515978105,1.011870118768117,DESIGN,0.355849892830757,0.644150107169243,0.07437833458105066,0.9256216654189494
davinci-002,MAKE,0.4384916515978105,1.011870118768117,TAKE,0.4548586963763747,0.5451413036236253,0.2718193992915338,0.7281806007084662
davinci-002,MAKE,0.4384916515978105,1.011870118768117,FEED,0.7682527931130116,0.23174720688698838,0.66456398562228,0.33543601437772014
davinci-002,MAKE,0.4384916515978105,1.011870118768117,BUY,0.7258280350364977,0.2741719649635022,0.4636175149053576,0.5363824850946424
davinci-002,MAKE,0.4384916515978105,1.011870118768117,CATCH,0.6403305188481483,0.3596694811518517,0.3506995434883531,0.6493004565116469
davinci-002,MAKE,0.4384916515978105,1.011870118768117,DELIVER,0.7569957786771764,0.24300422132282365,0.450645844429201,0.549354155570799
davinci-002,MAKE,0.4384916515978105,1.011870118768117,THROW,0.5801216025845012,0.41987839741549876,0.4538300485548274,0.5461699514451727
davinci-002,MAKE,0.4384916515978105,1.011870118768117,PROMISE,0.7812856212673168,0.21871437873268326,0.6741742224989424,0.32582577750105757
davinci-002,PURCHASE,0.6568389198346635,0.979434764410668,BRING,0.6531729391380233,0.3468270608619767,0.48489115964532553,0.5151088403546745
davinci-002,PURCHASE,0.6568389198346635,0.979434764410668,DRAW,0.5266523315468261,0.4733476684531739,0.250647022432216,0.749352977567784
davinci-002,PURCHASE,0.6568389198346635,0.979434764410668,FIND,0.7214131224351172,0.2785868775648828,0.3425495387333211,0.6574504612666788
davinci-002,PURCHASE,0.6568389198346635,0.979434764410668,GET,0.7531264735638851,0.2468735264361149,0.4147587969418989,0.5852412030581011
davinci-002,PURCHASE,0.6568389198346635,0.979434764410668,GIVE,0.689894500793583,0.31010549920641695,0.5742381614692452,0.42576183853075483
davinci-002,PURCHASE,0.6568389198346635,0.979434764410668,KEEP,0.4593163374482029,0.5406836625517971,0.20419048684469934,0.7958095131553006
davinci-002,PURCHASE,0.6568389198346635,0.979434764410668,LEAVE,0.6266719594130205,0.3733280405869796,0.377689025059026,0.622310974940974
davinci-002,PURCHASE,0.6568389198346635,0.979434764410668,MAKE,0.6211289732537398,0.37887102674626005,0.3558434132272166,0.6441565867727834
davinci-002,PURCHASE,0.6568389198346635,0.979434764410668,SAVE,0.619915805793087,0.3800841942069129,0.314251663085714,0.685748336914286
davinci-002,PURCHASE,0.6568389198346635,0.979434764410668,SELL,0.6226293021252312,0.37737069787476885,0.46065428540732883,0.5393457145926712
davinci-002,PURCHASE,0.6568389198346635,0.979434764410668,SEND,0.5875070738810041,0.4124929261189959,0.45199752214565847,0.5480024778543415
davinci-002,PURCHASE,0.6568389198346635,0.979434764410668,SHOW,0.7571420666942572,0.2428579333057428,0.6418060937319914,0.3581939062680085
davinci-002,PURCHASE,0.6568389198346635,0.979434764410668,SUPPLY,0.7255167099926703,0.2744832900073297,0.47723155936077716,0.5227684406392229
davinci-002,PURCHASE,0.6568389198346635,0.979434764410668,DESIGN,0.415247312748962,0.5847526872510381,0.10645772576722783,0.8935422742327722
davinci-002,PURCHASE,0.6568389198346635,0.979434764410668,TAKE,0.45934601197906644,0.5406539880209336,0.2993415766971372,0.7006584233028629
davinci-002,PURCHASE,0.6568389198346635,0.979434764410668,FEED,0.7462314370889398,0.2537685629110602,0.6032323936896206,0.3967676063103794
davinci-002,PURCHASE,0.6568389198346635,0.979434764410668,BUY,0.8018901845990094,0.19810981540099065,0.37447169768403654,0.6255283023159635
davinci-002,PURCHASE,0.6568389198346635,0.979434764410668,CATCH,0.6604850917735112,0.3395149082264888,0.331366262431976,0.6686337375680239
davinci-002,PURCHASE,0.6568389198346635,0.979434764410668,DELIVER,0.7517209696601839,0.24827903033981605,0.4606077574979526,0.5393922425020474
davinci-002,PURCHASE,0.6568389198346635,0.979434764410668,THROW,0.6088288179542416,0.3911711820457584,0.4783023873178313,0.5216976126821686
davinci-002,PURCHASE,0.6568389198346635,0.979434764410668,PROMISE,0.782964712179554,0.217035287820446,0.6559346294769243,0.3440653705230757
davinci-002,SAVE,0.47790378517825577,1.0053075521297206,BRING,0.5840823674233393,0.41591763257666076,0.4918426763974581,0.5081573236025418
davinci-002,SAVE,0.47790378517825577,1.0053075521297206,DRAW,0.480590020626267,0.519409979373733,0.2382722548744338,0.7617277451255662
davinci-002,SAVE,0.47790378517825577,1.0053075521297206,FIND,0.7000012635476617,0.2999987364523382,0.37685391669095963,0.6231460833090403
davinci-002,SAVE,0.47790378517825577,1.0053075521297206,GET,0.7269889151770402,0.27301108482295977,0.42989236796373104,0.5701076320362689
davinci-002,SAVE,0.47790378517825577,1.0053075521297206,GIVE,0.7122044400740699,0.28779555992593003,0.5979635902214229,0.4020364097785771
davinci-002,SAVE,0.47790378517825577,1.0053075521297206,KEEP,0.542742497798628,0.457257502201372,0.13977878338709954,0.8602212166129004
davinci-002,SAVE,0.47790378517825577,1.0053075521297206,LEAVE,0.6143186620429474,0.3856813379570527,0.30619935463331566,0.6938006453666844
davinci-002,SAVE,0.47790378517825577,1.0053075521297206,MAKE,0.6549248019097124,0.34507519809028764,0.3909462174870658,0.6090537825129342
davinci-002,SAVE,0.47790378517825577,1.0053075521297206,PURCHASE,0.4726263000289106,0.5273736999710895,0.23962395942756703,0.7603760405724329
davinci-002,SAVE,0.47790378517825577,1.0053075521297206,SELL,0.6165089465719966,0.3834910534280034,0.45725009652967435,0.5427499034703256
davinci-002,SAVE,0.47790378517825577,1.0053075521297206,SEND,0.5835807781239412,0.416419221876059,0.4823211630609693,0.5176788369390308
davinci-002,SAVE,0.47790378517825577,1.0053075521297206,SHOW,0.7633482573679251,0.23665174263207484,0.6262653175093255,0.37373468249067465
davinci-002,SAVE,0.47790378517825577,1.0053075521297206,SUPPLY,0.6492717741903046,0.3507282258096954,0.4561632582542299,0.5438367417457701
davinci-002,SAVE,0.47790378517825577,1.0053075521297206,DESIGN,0.34245251552596323,0.6575474844740367,0.13531238838708326,0.8646876116129169
davinci-002,SAVE,0.47790378517825577,1.0053075521297206,TAKE,0.4183162043967256,0.5816837956032742,0.25747777871967903,0.742522221280321
davinci-002,SAVE,0.47790378517825577,1.0053075521297206,FEED,0.8260762591701285,0.17392374082987141,0.6045885008140248,0.3954114991859752
davinci-002,SAVE,0.47790378517825577,1.0053075521297206,BUY,0.7141881204543091,0.2858118795456909,0.4666876837379389,0.5333123162620611
davinci-002,SAVE,0.47790378517825577,1.0053075521297206,CATCH,0.6389531278152547,0.3610468721847454,0.30645229816357045,0.6935477018364296
davinci-002,SAVE,0.47790378517825577,1.0053075521297206,DELIVER,0.7702241328565745,0.22977586714342543,0.4941670048593372,0.5058329951406627
davinci-002,SAVE,0.47790378517825577,1.0053075521297206,THROW,0.6046621786807178,0.3953378213192822,0.45426654453132004,0.54573345546868
davinci-002,SAVE,0.47790378517825577,1.0053075521297206,PROMISE,0.8070391848507127,0.19296081514928737,0.6502490001676997,0.34975099983230024
davinci-002,SELL,0.4319002820206445,1.013406439565693,BRING,0.603553885333727,0.39644611466627294,0.40827597882053623,0.5917240211794638
davinci-002,SELL,0.4319002820206445,1.013406439565693,DRAW,0.4690965958671783,0.5309034041328217,0.30197328709383325,0.6980267129061667
davinci-002,SELL,0.4319002820206445,1.013406439565693,FIND,0.6741910752276807,0.3258089247723193,0.4817239721455989,0.5182760278544011
davinci-002,SELL,0.4319002820206445,1.013406439565693,GET,0.6488635066778656,0.3511364933221344,0.45871938246114363,0.5412806175388564
davinci-002,SELL,0.4319002820206445,1.013406439565693,GIVE,0.6901906021088923,0.30980939789110773,0.510260653349578,0.48973934665042196
davinci-002,SELL,0.4319002820206445,1.013406439565693,KEEP,0.4041312243484152,0.5958687756515847,0.2702825060436079,0.7297174939563922
davinci-002,SELL,0.4319002820206445,1.013406439565693,LEAVE,0.6340417623490666,0.3659582376509334,0.43982173344487224,0.5601782665551278
davinci-002,SELL,0.4319002820206445,1.013406439565693,MAKE,0.60715772729971,0.39284227270029004,0.43814120226480013,0.5618587977351999
davinci-002,SELL,0.4319002820206445,1.013406439565693,PURCHASE,0.46846318496579487,0.5315368150342051,0.20686519556943883,0.7931348044305611
davinci-002,SELL,0.4319002820206445,1.013406439565693,SAVE,0.5846686934670967,0.41533130653290323,0.3785500924315314,0.6214499075684686
davinci-002,SELL,0.4319002820206445,1.013406439565693,SEND,0.5980699003816593,0.4019300996183408,0.362935800192231,0.637064199807769
davinci-002,SELL,0.4319002820206445,1.013406439565693,SHOW,0.7785263745022166,0.2214736254977834,0.5305290351154693,0.4694709648845307
davinci-002,SELL,0.4319002820206445,1.013406439565693,SUPPLY,0.651990062501397,0.348009937498603,0.2715872017880515,0.7284127982119485
davinci-002,SELL,0.4319002820206445,1.013406439565693,DESIGN,0.31596892570566065,0.6840310742943393,0.12403200508888176,0.8759679949111182
davinci-002,SELL,0.4319002820206445,1.013406439565693,TAKE,0.3678001979662666,0.6321998020337334,0.19072245894765516,0.8092775410523447
davinci-002,SELL,0.4319002820206445,1.013406439565693,FEED,0.7587858916895072,0.24121410831049286,0.45779252760705885,0.5422074723929411
davinci-002,SELL,0.4319002820206445,1.013406439565693,BUY,0.7280197173040776,0.2719802826959225,0.4957778055972318,0.5042221944027682
davinci-002,SELL,0.4319002820206445,1.013406439565693,CATCH,0.6438673268764964,0.35613267312350366,0.5048380530962844,0.4951619469037158
davinci-002,SELL,0.4319002820206445,1.013406439565693,DELIVER,0.778544778785063,0.22145522121493705,0.5924591540823103,0.40754084591768974
davinci-002,SELL,0.4319002820206445,1.013406439565693,THROW,0.5495302799849802,0.45046972001501984,0.30541585467683907,0.6945841453231608
davinci-002,SELL,0.4319002820206445,1.013406439565693,PROMISE,0.7927275684000611,0.207272431599939,0.554575951670804,0.445424048329196
davinci-002,SEND,0.3723030515687929,1.0263709418594347,BRING,0.6280317370254858,0.37196826297451424,0.3498449569072726,0.6501550430927274
davinci-002,SEND,0.3723030515687929,1.0263709418594347,DRAW,0.4739607697609199,0.5260392302390801,0.3403820735366012,0.6596179264633989
davinci-002,SEND,0.3723030515687929,1.0263709418594347,FIND,0.6468224066317976,0.3531775933682024,0.46287333970475414,0.5371266602952458
davinci-002,SEND,0.3723030515687929,1.0263709418594347,GET,0.6703505482158612,0.32964945178413885,0.478409849356833,0.5215901506431669
davinci-002,SEND,0.3723030515687929,1.0263709418594347,GIVE,0.7235433160553262,0.2764566839446739,0.524801553115842,0.475198446884158
davinci-002,SEND,0.3723030515687929,1.0263709418594347,KEEP,0.445245470899531,0.5547545291004691,0.2771330672295994,0.7228669327704006
davinci-002,SEND,0.3723030515687929,1.0263709418594347,LEAVE,0.5922237391514336,0.40777626084856644,0.3996671381191899,0.60033286188081
davinci-002,SEND,0.3723030515687929,1.0263709418594347,MAKE,0.5901651805396924,0.4098348194603075,0.44774659477889117,0.5522534052211089
davinci-002,SEND,0.3723030515687929,1.0263709418594347,PURCHASE,0.42048400989929674,0.5795159901007032,0.23778542890685841,0.7622145710931417
davinci-002,SEND,0.3723030515687929,1.0263709418594347,SAVE,0.5619008652704358,0.43809913472956424,0.3920302841093426,0.6079697158906573
davinci-002,SEND,0.3723030515687929,1.0263709418594347,SELL,0.6054721533306759,0.394527846669324,0.3431825036508445,0.6568174963491556
davinci-002,SEND,0.3723030515687929,1.0263709418594347,SHOW,0.7810428910285029,0.21895710897149723,0.5537365650956652,0.44626343490433484
davinci-002,SEND,0.3723030515687929,1.0263709418594347,SUPPLY,0.6632989486638384,0.3367010513361615,0.3396617636973366,0.6603382363026634
davinci-002,SEND,0.3723030515687929,1.0263709418594347,DESIGN,0.3090185986825744,0.6909814013174256,0.15556530467908514,0.8444346953209149
davinci-002,SEND,0.3723030515687929,1.0263709418594347,TAKE,0.38906591970769056,0.6109340802923093,0.21005882999402517,0.7899411700059747
davinci-002,SEND,0.3723030515687929,1.0263709418594347,FEED,0.7434540048437153,0.2565459951562847,0.49458240568991263,0.5054175943100873
davinci-002,SEND,0.3723030515687929,1.0263709418594347,BUY,0.707944365734107,0.292055634265893,0.516971690101791,0.48302830989820905
davinci-002,SEND,0.3723030515687929,1.0263709418594347,CATCH,0.6192064989672352,0.38079350103276466,0.4903851711537869,0.509614828846213
davinci-002,SEND,0.3723030515687929,1.0263709418594347,DELIVER,0.8199036098370711,0.18009639016292897,0.6240476510746834,0.3759523489253166
davinci-002,SEND,0.3723030515687929,1.0263709418594347,THROW,0.6031720760948919,0.3968279239051081,0.3294289615151642,0.6705710384848357
davinci-002,SEND,0.3723030515687929,1.0263709418594347,PROMISE,0.8105811192960735,0.1894188807039265,0.5697231706374795,0.43027682936252043
davinci-002,SHOW,0.23460727013924712,1.059054166698553,BRING,0.5849212014469136,0.4150787985530864,0.3615842758564733,0.6384157241435267
davinci-002,SHOW,0.23460727013924712,1.059054166698553,DRAW,0.4435118721473185,0.5564881278526815,0.29724352112984387,0.7027564788701561
davinci-002,SHOW,0.23460727013924712,1.059054166698553,FIND,0.6830375922096031,0.3169624077903969,0.5043974165867994,0.4956025834132006
davinci-002,SHOW,0.23460727013924712,1.059054166698553,GET,0.6583535248435372,0.3416464751564628,0.5173285099177789,0.4826714900822211
davinci-002,SHOW,0.23460727013924712,1.059054166698553,GIVE,0.7105731606054739,0.28942683939452607,0.5016110294666949,0.49838897053330505
davinci-002,SHOW,0.23460727013924712,1.059054166698553,KEEP,0.3937104263724055,0.6062895736275944,0.2748685987633392,0.7251314012366608
davinci-002,SHOW,0.23460727013924712,1.059054166698553,LEAVE,0.5820981666431873,0.4179018333568127,0.4358789543074785,0.5641210456925215
davinci-002,SHOW,0.23460727013924712,1.059054166698553,MAKE,0.592247647276439,0.407752352723561,0.47414216321524044,0.5258578367847595
davinci-002,SHOW,0.23460727013924712,1.059054166698553,PURCHASE,0.39181873132289247,0.6081812686771074,0.2740937802625944,0.7259062197374055
davinci-002,SHOW,0.23460727013924712,1.059054166698553,SAVE,0.5558245660332414,0.4441754339667587,0.4400635192622542,0.5599364807377458
davinci-002,SHOW,0.23460727013924712,1.059054166698553,SELL,0.5846513616325518,0.4153486383674481,0.33145602946562475,0.6685439705343751
davinci-002,SHOW,0.23460727013924712,1.059054166698553,SEND,0.5768267945943929,0.42317320540560716,0.37904193266724107,0.6209580673327589
davinci-002,SHOW,0.23460727013924712,1.059054166698553,SUPPLY,0.6267290368371775,0.3732709631628225,0.35631286777383564,0.6436871322261644
davinci-002,SHOW,0.23460727013924712,1.059054166698553,DESIGN,0.2605505725352842,0.7394494274647159,0.15712684521422518,0.8428731547857747
davinci-002,SHOW,0.23460727013924712,1.059054166698553,TAKE,0.38881618101814314,0.6111838189818569,0.22486200829696304,0.775137991703037
davinci-002,SHOW,0.23460727013924712,1.059054166698553,FEED,0.7450997894156715,0.2549002105843286,0.5227363774821417,0.4772636225178582
davinci-002,SHOW,0.23460727013924712,1.059054166698553,BUY,0.6554032568924154,0.3445967431075846,0.5204594385332372,0.47954056146676277
davinci-002,SHOW,0.23460727013924712,1.059054166698553,CATCH,0.6044075375866336,0.39559246241336643,0.5163964874604076,0.48360351253959244
davinci-002,SHOW,0.23460727013924712,1.059054166698553,DELIVER,0.7915224824407855,0.20847751755921443,0.6390810083603806,0.3609189916396194
davinci-002,SHOW,0.23460727013924712,1.059054166698553,THROW,0.548872954875209,0.45112704512479096,0.3140497256594453,0.6859502743405547
davinci-002,SHOW,0.23460727013924712,1.059054166698553,PROMISE,0.8320265810309625,0.16797341896903745,0.6174480358879364,0.38255196411206355
davinci-002,SUPPLY,0.4215393687622112,1.0142595203791742,BRING,0.6469741654461152,0.3530258345538849,0.3664612460272983,0.6335387539727018
davinci-002,SUPPLY,0.4215393687622112,1.0142595203791742,DRAW,0.4421401778378432,0.5578598221621568,0.29292533057961184,0.7070746694203882
davinci-002,SUPPLY,0.4215393687622112,1.0142595203791742,FIND,0.6846635633706597,0.3153364366293403,0.47279111325157713,0.5272088867484228
davinci-002,SUPPLY,0.4215393687622112,1.0142595203791742,GET,0.7263471649119065,0.2736528350880935,0.5078430049239447,0.49215699507605526
davinci-002,SUPPLY,0.4215393687622112,1.0142595203791742,GIVE,0.7347396049787921,0.265260395021208,0.5020467734036879,0.4979532265963121
davinci-002,SUPPLY,0.4215393687622112,1.0142595203791742,KEEP,0.45449541208216737,0.5455045879178326,0.2810290869104891,0.7189709130895109
davinci-002,SUPPLY,0.4215393687622112,1.0142595203791742,LEAVE,0.6160198582982482,0.3839801417017517,0.41685525403855034,0.5831447459614497
davinci-002,SUPPLY,0.4215393687622112,1.0142595203791742,MAKE,0.562244187779543,0.437755812220457,0.4428518894122402,0.5571481105877597
davinci-002,SUPPLY,0.4215393687622112,1.0142595203791742,PURCHASE,0.5895609079661834,0.4104390920338165,0.2982023996700831,0.7017976003299168
davinci-002,SUPPLY,0.4215393687622112,1.0142595203791742,SAVE,0.5585779440300283,0.44142205596997175,0.3997615273476999,0.6002384726523
davinci-002,SUPPLY,0.4215393687622112,1.0142595203791742,SELL,0.6515910514629911,0.3484089485370088,0.3491717912543997,0.6508282087456003
davinci-002,SUPPLY,0.4215393687622112,1.0142595203791742,SEND,0.6296747008932049,0.3703252991067951,0.3962692765569876,0.6037307234430123
davinci-002,SUPPLY,0.4215393687622112,1.0142595203791742,SHOW,0.7657730107906464,0.23422698920935367,0.5284521605517488,0.4715478394482511
davinci-002,SUPPLY,0.4215393687622112,1.0142595203791742,DESIGN,0.47424132308925365,0.5257586769107463,0.21636762261378759,0.7836323773862124
davinci-002,SUPPLY,0.4215393687622112,1.0142595203791742,TAKE,0.46725830859467604,0.5327416914053239,0.24411743382910886,0.7558825661708911
davinci-002,SUPPLY,0.4215393687622112,1.0142595203791742,FEED,0.7310108047895434,0.26898919521045656,0.4810901629638051,0.5189098370361949
davinci-002,SUPPLY,0.4215393687622112,1.0142595203791742,BUY,0.7883380232427859,0.21166197675721396,0.5721377198209691,0.42786228017903094
davinci-002,SUPPLY,0.4215393687622112,1.0142595203791742,CATCH,0.6102532473648253,0.3897467526351746,0.474804918592274,0.5251950814077262
davinci-002,SUPPLY,0.4215393687622112,1.0142595203791742,DELIVER,0.8424087420177108,0.1575912579822892,0.6163686365479673,0.38363136345203275
davinci-002,SUPPLY,0.4215393687622112,1.0142595203791742,THROW,0.6094265124208381,0.3905734875791619,0.36297053358411846,0.6370294664158815
davinci-002,SUPPLY,0.4215393687622112,1.0142595203791742,PROMISE,0.8302750237388102,0.16972497626118987,0.5290339511501974,0.4709660488498026
davinci-002,DESIGN,0.7856908523956586,0.9569413617497979,BRING,0.5738766361299804,0.42612336387001953,0.43263200433771515,0.5673679956622848
davinci-002,DESIGN,0.7856908523956586,0.9569413617497979,DRAW,0.5411873444680265,0.45881265553197353,0.21940768436011232,0.7805923156398877
davinci-002,DESIGN,0.7856908523956586,0.9569413617497979,FIND,0.703365901343685,0.29663409865631485,0.32165381333196164,0.6783461866680384
davinci-002,DESIGN,0.7856908523956586,0.9569413617497979,GET,0.7176612239518626,0.28233877604813745,0.45435101079074386,0.5456489892092562
davinci-002,DESIGN,0.7856908523956586,0.9569413617497979,GIVE,0.719861280779303,0.280138719220697,0.5865292737340709,0.41347072626592907
davinci-002,DESIGN,0.7856908523956586,0.9569413617497979,KEEP,0.5323957181118701,0.4676042818881298,0.2680974732942855,0.7319025267057145
davinci-002,DESIGN,0.7856908523956586,0.9569413617497979,LEAVE,0.64364587861523,0.35635412138476996,0.3988620527718366,0.6011379472281634
davinci-002,DESIGN,0.7856908523956586,0.9569413617497979,MAKE,0.6185521011867915,0.38144789881320856,0.27566917107676153,0.7243308289232384
davinci-002,DESIGN,0.7856908523956586,0.9569413617497979,PURCHASE,0.6618825064926872,0.33811749350731285,0.2595336509482478,0.7404663490517522
davinci-002,DESIGN,0.7856908523956586,0.9569413617497979,SAVE,0.6276497424993518,0.37235025750064815,0.34370928035754056,0.6562907196424596
davinci-002,DESIGN,0.7856908523956586,0.9569413617497979,SELL,0.5907462652229317,0.4092537347770683,0.47889334653427384,0.5211066534657262
davinci-002,DESIGN,0.7856908523956586,0.9569413617497979,SEND,0.6160019846951281,0.3839980153048719,0.4994758779758993,0.5005241220241007
davinci-002,DESIGN,0.7856908523956586,0.9569413617497979,SHOW,0.7337035119784103,0.2662964880215897,0.6279387766904858,0.3720612233095141
davinci-002,DESIGN,0.7856908523956586,0.9569413617497979,SUPPLY,0.7013871237165066,0.29861287628349337,0.4856797195456051,0.5143202804543949
davinci-002,DESIGN,0.7856908523956586,0.9569413617497979,TAKE,0.429472520209772,0.5705274797902281,0.27524310524466933,0.7247568947553308
davinci-002,DESIGN,0.7856908523956586,0.9569413617497979,FEED,0.7791913654586243,0.22080863454137564,0.6633509657654412,0.33664903423455866
davinci-002,DESIGN,0.7856908523956586,0.9569413617497979,BUY,0.8140080233935302,0.18599197660646977,0.5182071363917482,0.48179286360825185
davinci-002,DESIGN,0.7856908523956586,0.9569413617497979,CATCH,0.6930659533829262,0.30693404661707385,0.3574722225097847,0.6425277774902153
davinci-002,DESIGN,0.7856908523956586,0.9569413617497979,DELIVER,0.7703579904776301,0.22964200952236985,0.4264909370717163,0.5735090629282837
davinci-002,DESIGN,0.7856908523956586,0.9569413617497979,THROW,0.6095746217940775,0.3904253782059225,0.4455095768308068,0.5544904231691932
davinci-002,DESIGN,0.7856908523956586,0.9569413617497979,PROMISE,0.8204949034200691,0.1795050965799308,0.6795564773984388,0.32044352260156117
davinci-002,TAKE,0.6771106788719891,0.9737586500455518,BRING,0.6312191953685459,0.3687808046314541,0.3667460061572159,0.633253993842784
davinci-002,TAKE,0.6771106788719891,0.9737586500455518,DRAW,0.6270164732152894,0.37298352678471053,0.3483550041655667,0.6516449958344332
davinci-002,TAKE,0.6771106788719891,0.9737586500455518,FIND,0.713382420127451,0.286617579872549,0.5149916184204895,0.48500838157951054
davinci-002,TAKE,0.6771106788719891,0.9737586500455518,GET,0.7043879679923957,0.2956120320076043,0.4871234135760789,0.5128765864239211
davinci-002,TAKE,0.6771106788719891,0.9737586500455518,GIVE,0.72526702592502,0.2747329740749799,0.5594519614336414,0.44054803856635855
davinci-002,TAKE,0.6771106788719891,0.9737586500455518,KEEP,0.5629823994193793,0.4370176005806206,0.31897794061063756,0.6810220593893626
davinci-002,TAKE,0.6771106788719891,0.9737586500455518,LEAVE,0.685905573684511,0.314094426315489,0.4665323124454606,0.5334676875545393
davinci-002,TAKE,0.6771106788719891,0.9737586500455518,MAKE,0.6510889814638966,0.3489110185361033,0.5041685644834769,0.49583143551652314
davinci-002,TAKE,0.6771106788719891,0.9737586500455518,PURCHASE,0.495338982382658,0.5046610176173421,0.31394408218888276,0.6860559178111171
davinci-002,TAKE,0.6771106788719891,0.9737586500455518,SAVE,0.6992413845918839,0.3007586154081163,0.4654124082854851,0.5345875917145149
davinci-002,TAKE,0.6771106788719891,0.9737586500455518,SELL,0.591039537012432,0.408960462987568,0.40168100873218365,0.5983189912678164
davinci-002,TAKE,0.6771106788719891,0.9737586500455518,SEND,0.6315882295784558,0.36841177042154416,0.40891130412795673,0.5910886958720433
davinci-002,TAKE,0.6771106788719891,0.9737586500455518,SHOW,0.7724339050983532,0.2275660949016467,0.5944730853157056,0.40552691468429436
davinci-002,TAKE,0.6771106788719891,0.9737586500455518,SUPPLY,0.6762667595785757,0.32373324042142426,0.3575024228507766,0.6424975771492234
davinci-002,TAKE,0.6771106788719891,0.9737586500455518,DESIGN,0.37846954789927045,0.6215304521007294,0.1832050610629017,0.8167949389370983
davinci-002,TAKE,0.6771106788719891,0.9737586500455518,FEED,0.8173768268479954,0.1826231731520046,0.5989650496960951,0.4010349503039049
davinci-002,TAKE,0.6771106788719891,0.9737586500455518,BUY,0.6927705935208069,0.3072294064791931,0.5639958973291381,0.43600410267086187
davinci-002,TAKE,0.6771106788719891,0.9737586500455518,CATCH,0.8245141609900183,0.17548583900998174,0.48939164936427515,0.5106083506357249
davinci-002,TAKE,0.6771106788719891,0.9737586500455518,DELIVER,0.8066489595157915,0.19335104048420831,0.6378875742087072,0.36211242579129277
davinci-002,TAKE,0.6771106788719891,0.9737586500455518,THROW,0.5826087668208269,0.4173912331791731,0.30578773774604534,0.6942122622539547
davinci-002,TAKE,0.6771106788719891,0.9737586500455518,PROMISE,0.8230471402793981,0.17695285972060198,0.6933849304582865,0.3066150695417134
davinci-002,FEED,0.24325010082044854,1.0474235237971858,BRING,0.5766915648818278,0.42330843511817223,0.3840027854487262,0.6159972145512737
davinci-002,FEED,0.24325010082044854,1.0474235237971858,DRAW,0.44629720802372924,0.5537027919762708,0.27871073663759377,0.7212892633624063
davinci-002,FEED,0.24325010082044854,1.0474235237971858,FIND,0.645892423845798,0.354107576154202,0.4726249205536906,0.5273750794463095
davinci-002,FEED,0.24325010082044854,1.0474235237971858,GET,0.6910896918324476,0.30891030816755227,0.5225268550359208,0.4774731449640792
davinci-002,FEED,0.24325010082044854,1.0474235237971858,GIVE,0.7122540327978629,0.287745967202137,0.5045433074682447,0.4954566925317552
davinci-002,FEED,0.24325010082044854,1.0474235237971858,KEEP,0.4088288177490947,0.5911711822509054,0.27224542900719384,0.7277545709928062
davinci-002,FEED,0.24325010082044854,1.0474235237971858,LEAVE,0.5770141284801988,0.42298587151980127,0.39990178683548083,0.6000982131645192
davinci-002,FEED,0.24325010082044854,1.0474235237971858,MAKE,0.5911955026420285,0.4088044973579716,0.46905611170282296,0.530943888297177
davinci-002,FEED,0.24325010082044854,1.0474235237971858,PURCHASE,0.4323561131699772,0.5676438868300228,0.2764441965335741,0.7235558034664258
davinci-002,FEED,0.24325010082044854,1.0474235237971858,SAVE,0.5941325596179904,0.4058674403820096,0.385594222377662,0.6144057776223381
davinci-002,FEED,0.24325010082044854,1.0474235237971858,SELL,0.6505737945915864,0.3494262054084136,0.3351502015299655,0.6648497984700344
davinci-002,FEED,0.24325010082044854,1.0474235237971858,SEND,0.5978466183669138,0.40215338163308617,0.38977128484610146,0.6102287151538985
davinci-002,FEED,0.24325010082044854,1.0474235237971858,SHOW,0.7657768906174424,0.2342231093825577,0.557060788764287,0.442939211235713
davinci-002,FEED,0.24325010082044854,1.0474235237971858,SUPPLY,0.6591819870755705,0.3408180129244295,0.3493908871021979,0.6506091128978021
davinci-002,FEED,0.24325010082044854,1.0474235237971858,DESIGN,0.27686636298556944,0.7231336370144307,0.12663458866155022,0.8733654113384497
davinci-002,FEED,0.24325010082044854,1.0474235237971858,TAKE,0.3863387168250521,0.613661283174948,0.20403937310651077,0.7959606268934891
davinci-002,FEED,0.24325010082044854,1.0474235237971858,BUY,0.7420199980856117,0.25798000191438836,0.5726920175663934,0.4273079824336065
davinci-002,FEED,0.24325010082044854,1.0474235237971858,CATCH,0.6149797356945307,0.3850202643054692,0.461076808104226,0.538923191895774
davinci-002,FEED,0.24325010082044854,1.0474235237971858,DELIVER,0.850846234062643,0.14915376593735696,0.683526686543714,0.316473313456286
davinci-002,FEED,0.24325010082044854,1.0474235237971858,THROW,0.5651067555192764,0.43489324448072364,0.3132556983623161,0.686744301637684
davinci-002,FEED,0.24325010082044854,1.0474235237971858,PROMISE,0.8145390857526613,0.18546091424733877,0.5748932930634334,0.42510670693656655
davinci-002,BUY,0.3352068191036314,1.0301334641554312,BRING,0.6507388475332532,0.34926115246674677,0.46984743447919586,0.5301525655208041
davinci-002,BUY,0.3352068191036314,1.0301334641554312,DRAW,0.5257323908712285,0.4742676091287715,0.25067547485392516,0.749324525146075
davinci-002,BUY,0.3352068191036314,1.0301334641554312,FIND,0.6793821932093711,0.3206178067906289,0.3279296398879265,0.6720703601120736
davinci-002,BUY,0.3352068191036314,1.0301334641554312,GET,0.7479628156949616,0.2520371843050384,0.39808443314894276,0.6019155668510573
davinci-002,BUY,0.3352068191036314,1.0301334641554312,GIVE,0.6989717617182837,0.3010282382817163,0.5618375754470387,0.43816242455296134
davinci-002,BUY,0.3352068191036314,1.0301334641554312,KEEP,0.3942033789173102,0.6057966210826897,0.18998076606784736,0.8100192339321527
davinci-002,BUY,0.3352068191036314,1.0301334641554312,LEAVE,0.6014583223135551,0.3985416776864449,0.33204622017197494,0.6679537798280251
davinci-002,BUY,0.3352068191036314,1.0301334641554312,MAKE,0.590620101961074,0.40937989803892605,0.3812373091022354,0.6187626908977646
davinci-002,BUY,0.3352068191036314,1.0301334641554312,PURCHASE,0.5762954437002005,0.4237045562997996,0.15550895923000835,0.8444910407699916
davinci-002,BUY,0.3352068191036314,1.0301334641554312,SAVE,0.5761394444970626,0.4238605555029374,0.3103415814813397,0.6896584185186603
davinci-002,BUY,0.3352068191036314,1.0301334641554312,SELL,0.6336891780121945,0.3663108219878054,0.40570031123214834,0.5942996887678517
davinci-002,BUY,0.3352068191036314,1.0301334641554312,SEND,0.599850119309428,0.4001498806905719,0.4487759021303196,0.5512240978696804
davinci-002,BUY,0.3352068191036314,1.0301334641554312,SHOW,0.7472368498538416,0.2527631501461583,0.6253420391283552,0.3746579608716448
davinci-002,BUY,0.3352068191036314,1.0301334641554312,SUPPLY,0.6663964866718635,0.3336035133281365,0.46214579733045275,0.5378542026695472
davinci-002,BUY,0.3352068191036314,1.0301334641554312,DESIGN,0.3299785636508058,0.6700214363491942,0.10052712741196622,0.8994728725880339
davinci-002,BUY,0.3352068191036314,1.0301334641554312,TAKE,0.40469139158155515,0.5953086084184449,0.256942599044284,0.7430574009557159
davinci-002,BUY,0.3352068191036314,1.0301334641554312,FEED,0.7736898098233302,0.22631019017666978,0.6208221888409535,0.3791778111590465
davinci-002,BUY,0.3352068191036314,1.0301334641554312,CATCH,0.654585535648933,0.34541446435106704,0.2864675702652755,0.7135324297347245
davinci-002,BUY,0.3352068191036314,1.0301334641554312,DELIVER,0.7638910440221467,0.23610895597785325,0.40034781138622333,0.5996521886137767
davinci-002,BUY,0.3352068191036314,1.0301334641554312,THROW,0.5972912111732325,0.4027087888267675,0.44926469279599984,0.5507353072040001
davinci-002,BUY,0.3352068191036314,1.0301334641554312,PROMISE,0.8238543141113294,0.17614568588867072,0.6662149932511805,0.3337850067488195
davinci-002,CATCH,0.44900392116635485,1.009579570899857,BRING,0.6141380543634508,0.3858619456365492,0.436914154589241,0.563085845410759
davinci-002,CATCH,0.44900392116635485,1.009579570899857,DRAW,0.5763626743886967,0.42363732561130335,0.1668399848416945,0.8331600151583055
davinci-002,CATCH,0.44900392116635485,1.009579570899857,FIND,0.7817466420601588,0.2182533579398413,0.24289171362038922,0.7571082863796107
davinci-002,CATCH,0.44900392116635485,1.009579570899857,GET,0.7215976403556735,0.27840235964432664,0.3123747556717463,0.6876252443282538
davinci-002,CATCH,0.44900392116635485,1.009579570899857,GIVE,0.6886649362408562,0.3113350637591439,0.5809135920051743,0.4190864079948257
davinci-002,CATCH,0.44900392116635485,1.009579570899857,KEEP,0.5951446051435795,0.40485539485642064,0.21291849886756534,0.7870815011324346
davinci-002,CATCH,0.44900392116635485,1.009579570899857,LEAVE,0.6441333049814435,0.3558666950185565,0.30973959847558363,0.6902604015244165
davinci-002,CATCH,0.44900392116635485,1.009579570899857,MAKE,0.6986482732719521,0.30135172672804783,0.33768509097344807,0.662314909026552
davinci-002,CATCH,0.44900392116635485,1.009579570899857,PURCHASE,0.5125785963031432,0.4874214036968569,0.18679956580423088,0.813200434195769
davinci-002,CATCH,0.44900392116635485,1.009579570899857,SAVE,0.7133260535725295,0.28667394642747035,0.29622397443974335,0.7037760255602566
davinci-002,CATCH,0.44900392116635485,1.009579570899857,SELL,0.581022179174738,0.4189778208252621,0.42468897607475214,0.5753110239252479
davinci-002,CATCH,0.44900392116635485,1.009579570899857,SEND,0.6300516067511398,0.36994839324886025,0.48148134272148946,0.5185186572785105
davinci-002,CATCH,0.44900392116635485,1.009579570899857,SHOW,0.7736229881973893,0.22637701180261074,0.6413902595631055,0.35860974043689453
davinci-002,CATCH,0.44900392116635485,1.009579570899857,SUPPLY,0.6381799906445482,0.3618200093554518,0.48535289979418006,0.5146471002058199
davinci-002,CATCH,0.44900392116635485,1.009579570899857,DESIGN,0.4058311703451086,0.5941688296548914,0.11485118140513198,0.8851488185948679
davinci-002,CATCH,0.44900392116635485,1.009579570899857,TAKE,0.5309816537775391,0.46901834622246086,0.251706934648362,0.748293065351638
davinci-002,CATCH,0.44900392116635485,1.009579570899857,FEED,0.7907502887083075,0.20924971129169248,0.6186444360806146,0.38135556391938535
davinci-002,CATCH,0.44900392116635485,1.009579570899857,BUY,0.7730596621067466,0.2269403378932536,0.3860045525483546,0.6139954474516454
davinci-002,CATCH,0.44900392116635485,1.009579570899857,DELIVER,0.7972007577651046,0.20279924223489545,0.3719235155144234,0.6280764844855766
davinci-002,CATCH,0.44900392116635485,1.009579570899857,THROW,0.565812597383504,0.434187402616496,0.4162397197611949,0.5837602802388051
davinci-002,CATCH,0.44900392116635485,1.009579570899857,PROMISE,0.821619000658619,0.17838099934138094,0.6834794876269696,0.31652051237303036
davinci-002,DELIVER,0.2844162819198192,1.0317399994417424,BRING,0.6480084086250656,0.35199159137493446,0.48976361750055636,0.5102363824994436
davinci-002,DELIVER,0.2844162819198192,1.0317399994417424,DRAW,0.5101549393598166,0.48984506064018335,0.19529011189519102,0.804709888104809
davinci-002,DELIVER,0.2844162819198192,1.0317399994417424,FIND,0.6907994981841736,0.3092005018158264,0.326209345167394,0.673790654832606
davinci-002,DELIVER,0.2844162819198192,1.0317399994417424,GET,0.7136374260295887,0.28636257397041126,0.38805071752128595,0.611949282478714
davinci-002,DELIVER,0.2844162819198192,1.0317399994417424,GIVE,0.7034771009104485,0.29652289908955154,0.5600426381031887,0.4399573618968114
davinci-002,DELIVER,0.2844162819198192,1.0317399994417424,KEEP,0.4604927433622622,0.5395072566377378,0.18425670918789955,0.8157432908121004
davinci-002,DELIVER,0.2844162819198192,1.0317399994417424,LEAVE,0.6158346843091436,0.38416531569085655,0.273425168055512,0.726574831944488
davinci-002,DELIVER,0.2844162819198192,1.0317399994417424,MAKE,0.5714814756891805,0.42851852431081944,0.31844731669490156,0.6815526833050984
davinci-002,DELIVER,0.2844162819198192,1.0317399994417424,PURCHASE,0.5002634442459318,0.49973655575406817,0.18266091230630777,0.8173390876936923
davinci-002,DELIVER,0.2844162819198192,1.0317399994417424,SAVE,0.5800561591769625,0.41994384082303754,0.30204549345267223,0.6979545065473277
davinci-002,DELIVER,0.2844162819198192,1.0317399994417424,SELL,0.6563785432499598,0.34362145675004013,0.446868590604451,0.553131409395549
davinci-002,DELIVER,0.2844162819198192,1.0317399994417424,SEND,0.6412783751276656,0.3587216248723344,0.45963795500113763,0.5403620449988624
davinci-002,DELIVER,0.2844162819198192,1.0317399994417424,SHOW,0.7399046049830019,0.2600953950169981,0.6328666910854321,0.36713330891456786
davinci-002,DELIVER,0.2844162819198192,1.0317399994417424,SUPPLY,0.7446986335818815,0.2553013664181185,0.46419464475908795,0.5358053552409121
davinci-002,DELIVER,0.2844162819198192,1.0317399994417424,DESIGN,0.4211309728764043,0.5788690271235957,0.12447818903230809,0.8755218109676919
davinci-002,DELIVER,0.2844162819198192,1.0317399994417424,TAKE,0.46694331246465576,0.5330566875353443,0.25594650257438983,0.7440534974256101
davinci-002,DELIVER,0.2844162819198192,1.0317399994417424,FEED,0.7683472884809077,0.23165271151909217,0.5636376375936897,0.4363623624063104
davinci-002,DELIVER,0.2844162819198192,1.0317399994417424,BUY,0.7509929675712971,0.24900703242870292,0.4371967539857847,0.5628032460142153
davinci-002,DELIVER,0.2844162819198192,1.0317399994417424,CATCH,0.6381313785184237,0.3618686214815763,0.2713745121666772,0.7286254878333227
davinci-002,DELIVER,0.2844162819198192,1.0317399994417424,THROW,0.6000166213025152,0.39998337869748474,0.4231340179745672,0.5768659820254328
davinci-002,DELIVER,0.2844162819198192,1.0317399994417424,PROMISE,0.852533679142068,0.14746632085793196,0.6733269117397989,0.32667308826020114
davinci-002,THROW,0.46867790735236237,1.0066353244509834,BRING,0.6246045248988072,0.37539547510119275,0.3154408198125471,0.684559180187453
davinci-002,THROW,0.46867790735236237,1.0066353244509834,DRAW,0.6282989402858998,0.3717010597141001,0.2908560396877612,0.7091439603122389
davinci-002,THROW,0.46867790735236237,1.0066353244509834,FIND,0.6710880502370916,0.32891194976290833,0.4567844359304145,0.5432155640695855
davinci-002,THROW,0.46867790735236237,1.0066353244509834,GET,0.6857556737186649,0.31424432628133514,0.4798365628871723,0.5201634371128278
davinci-002,THROW,0.46867790735236237,1.0066353244509834,GIVE,0.7278465788475259,0.27215342115247404,0.4990886009106933,0.5009113990893067
davinci-002,THROW,0.46867790735236237,1.0066353244509834,KEEP,0.512848154815884,0.48715184518411603,0.28332386499217843,0.7166761350078216
davinci-002,THROW,0.46867790735236237,1.0066353244509834,LEAVE,0.6200823639173341,0.37991763608266593,0.39066125102157356,0.6093387489784264
davinci-002,THROW,0.46867790735236237,1.0066353244509834,MAKE,0.6670615359488073,0.3329384640511927,0.5480889666469533,0.4519110333530466
davinci-002,THROW,0.46867790735236237,1.0066353244509834,PURCHASE,0.46664120234519485,0.5333587976548051,0.26684425402754264,0.7331557459724573
davinci-002,THROW,0.46867790735236237,1.0066353244509834,SAVE,0.6363477566558504,0.3636522433441496,0.39250780215215864,0.6074921978478414
davinci-002,THROW,0.46867790735236237,1.0066353244509834,SELL,0.6280199669733468,0.3719800330266533,0.3250046114571276,0.6749953885428722
davinci-002,THROW,0.46867790735236237,1.0066353244509834,SEND,0.6352326282298985,0.3647673717701015,0.31459836752355663,0.6854016324764433
davinci-002,THROW,0.46867790735236237,1.0066353244509834,SHOW,0.7676185242948513,0.2323814757051487,0.5306778340215554,0.4693221659784445
davinci-002,THROW,0.46867790735236237,1.0066353244509834,SUPPLY,0.6635404502355512,0.33645954976444875,0.32156569082743347,0.6784343091725665
davinci-002,THROW,0.46867790735236237,1.0066353244509834,DESIGN,0.32550680609699045,0.6744931939030095,0.16650483282387143,0.8334951671761286
davinci-002,THROW,0.46867790735236237,1.0066353244509834,TAKE,0.4980971997873056,0.5019028002126944,0.1575090348470496,0.8424909651529504
davinci-002,THROW,0.46867790735236237,1.0066353244509834,FEED,0.7980678196877814,0.20193218031221857,0.4844544394579557,0.5155455605420444
davinci-002,THROW,0.46867790735236237,1.0066353244509834,BUY,0.7517205980591187,0.24827940194088127,0.5495965179390635,0.4504034820609364
davinci-002,THROW,0.46867790735236237,1.0066353244509834,CATCH,0.6338413356201096,0.3661586643798904,0.362571291397082,0.6374287086029179
davinci-002,THROW,0.46867790735236237,1.0066353244509834,DELIVER,0.8521025590149972,0.14789744098500285,0.6526588828438779,0.34734111715612204
davinci-002,THROW,0.46867790735236237,1.0066353244509834,PROMISE,0.8311401140422641,0.1688598859577359,0.5791640965587402,0.42083590344125965
davinci-002,PROMISE,0.18045407392219442,1.0685966764588868,BRING,0.6290313193235673,0.3709686806764328,0.4159087374659307,0.5840912625340693
davinci-002,PROMISE,0.18045407392219442,1.0685966764588868,DRAW,0.45283675229452386,0.5471632477054762,0.329459961783158,0.6705400382168419
davinci-002,PROMISE,0.18045407392219442,1.0685966764588868,FIND,0.6482404127686722,0.3517595872313278,0.45612838799038213,0.5438716120096179
davinci-002,PROMISE,0.18045407392219442,1.0685966764588868,GET,0.6892116039988536,0.3107883960011463,0.513532966367207,0.486467033632793
davinci-002,PROMISE,0.18045407392219442,1.0685966764588868,GIVE,0.7325859460905109,0.26741405390948914,0.5419644002101031,0.45803559978989683
davinci-002,PROMISE,0.18045407392219442,1.0685966764588868,KEEP,0.4290561588775972,0.5709438411224028,0.2735208650257376,0.7264791349742623
davinci-002,PROMISE,0.18045407392219442,1.0685966764588868,LEAVE,0.5799656518698052,0.4200343481301948,0.41698111570393676,0.5830188842960632
davinci-002,PROMISE,0.18045407392219442,1.0685966764588868,MAKE,0.6367437680252473,0.36325623197475265,0.4823104043926918,0.5176895956073082
davinci-002,PROMISE,0.18045407392219442,1.0685966764588868,PURCHASE,0.4058882239520898,0.5941117760479102,0.22496082375413087,0.775039176245869
davinci-002,PROMISE,0.18045407392219442,1.0685966764588868,SAVE,0.5651441986872127,0.4348558013127872,0.3628551869705426,0.6371448130294575
davinci-002,PROMISE,0.18045407392219442,1.0685966764588868,SELL,0.6299362346262671,0.37006376537373287,0.341682175766258,0.658317824233742
davinci-002,PROMISE,0.18045407392219442,1.0685966764588868,SEND,0.6285976568774483,0.3714023431225516,0.4004302510344162,0.5995697489655839
davinci-002,PROMISE,0.18045407392219442,1.0685966764588868,SHOW,0.7932253857533457,0.2067746142466544,0.5789031021052604,0.4210968978947397
davinci-002,PROMISE,0.18045407392219442,1.0685966764588868,SUPPLY,0.7017074834605015,0.2982925165394985,0.348212007515875,0.651787992484125
davinci-002,PROMISE,0.18045407392219442,1.0685966764588868,DESIGN,0.30070314294260164,0.6992968570573983,0.17085410887176178,0.8291458911282382
davinci-002,PROMISE,0.18045407392219442,1.0685966764588868,TAKE,0.37138443216248973,0.6286155678375103,0.23341956191966134,0.7665804380803387
davinci-002,PROMISE,0.18045407392219442,1.0685966764588868,FEED,0.7376705942811921,0.2623294057188079,0.5137052703038538,0.4862947296961461
davinci-002,PROMISE,0.18045407392219442,1.0685966764588868,BUY,0.7141422427545376,0.28585775724546225,0.5062927429679283,0.4937072570320717
davinci-002,PROMISE,0.18045407392219442,1.0685966764588868,CATCH,0.5392924459769705,0.4607075540230295,0.44508538366137174,0.5549146163386283
davinci-002,PROMISE,0.18045407392219442,1.0685966764588868,DELIVER,0.7501160016894474,0.2498839983105527,0.5615837521431096,0.4384162478568904
davinci-002,PROMISE,0.18045407392219442,1.0685966764588868,THROW,0.577886594510504,0.42211340548949616,0.3407480692104387,0.6592519307895612
